Belligerents.allies,Belligerents.axis,Casualties and losses.allies,Casualties and losses.axis,Casualties and losses.total,Commanders and leaders.allies,Commanders and leaders.axis,Date,Location,Result,Strength.allies,Strength.axis,Territorial,level,name,parent,time,url
United Kingdom   Free French,"Italy 
 
   Italian Libya",40 killed,120 killed 410 wounded 4 tanks [ citation needed ] 6 aircraft,,Archibald Wavell   William Gott   John Campbell,Rodolfo Graziani   Mario Berti   Italo Gariboldi   Pietro Maletti   Annibale Bergonzoli,9–16 September 1940,Egypt26°N 30°E﻿ / ﻿26°N 30°E﻿ / 26; 30Coordinates: 26°N 30°E﻿ / ﻿26°N 30°E﻿ / 26; 30,Italian victory,1 reinforced brigade 205 aircraft naval support,4 divisions 300 aircraft,,100,Italian invasion of Egypt,Western Desert Campaign,September 1940,https://en.wikipedia.org/wiki/Italian_invasion_of_Egypt
"United Kingdom 
 
   British India",Italy,56 killed 27 tanks disabled/broken down,"819 killed 1,338 wounded 2,000 prisoners 28 tanks",,Richard O'Connor   Reginald Savory,Pietro Maletti    †,9 December 1940,‘Alam Nibeiwa (Nibeiwa Hill)31°23′00″N 25°53′00″E﻿ / ﻿31.38333°N 25.88333°E﻿ / 31.38333; 25.88333Coordinates: 31°23′00″N 25°53′00″E﻿ / ﻿31.38333°N 25.88333°E﻿ / 31.38333; 25.88333,British victory,"5,000 soldiers 47 tanks","4,100 soldiers 23 tanks",,100,Battle of Nibeiwa,Operation Compass,December 1940,https://en.wikipedia.org/wiki/Battle_of_Nibeiwa
"United Kingdom 
 
   British India 
   Australia   Free France",Italy,624 soldiers,"2,194 killed 2,286 wounded 38,300 prisoners 237 guns 73 tanks c.  1,000  vehicles",,Archibald Wavell   Henry Maitland Wilson   Richard O'Connor,Rodolfo Graziani   Giuseppe Tellera   Annibale Bergonzoli,10–11 December 1940,"Sidi Barrani, Egypt31°36′39″N 25°55′32″E﻿ / ﻿31.61083°N 25.92556°E﻿ / 31.61083; 25.92556Coordinates: 31°36′39″N 25°55′32″E﻿ / ﻿31.61083°N 25.92556°E﻿ / 31.61083; 25.92556",British victory,"36,000 soldiers 120 guns 275 tanks 142 aircraft","60,000 soldiers 250 guns 120 tanks 331 aircraft",,100,Battle of Sidi Barrani,Operation Compass,December 1940,https://en.wikipedia.org/wiki/Battle_of_Sidi_Barrani
United Kingdom   Australia,Italy,"17 killed, 77 wounded (final assault only)","250 killed 1,300 prisoners [a] 26 field guns",,George Wootten,Salvatore Castagna    ( POW ),25 December 1940 – 21 March 1941,"Giarabub, LibyaCoordinates: 29°44′33″N 24°31′01″E﻿ / ﻿29.74250°N 24.51694°E﻿ / 29.74250; 24.51694",British victory,2 mechanised cavalry squadrons 1 augmented infantry battalion,"2,100 (1,350 Italian & 750 Libyan troops)",,100,Siege of Giarabub,Operation Compass,December 1940 – March 1941,https://en.wikipedia.org/wiki/Siege_of_Giarabub
"Australia 
   United Kingdom",Italy,130 killed 326 wounded [3],"1,703 killed 3,740 wounded 36,000 captured [4] 13 medium tanks 117 tankettes 708 vehicles 400+ guns [5]",,Iven Mackay,Annibale Bergonzoli,3–5 January 1941,"Bardia, Libya31°46′N 25°06′E﻿ / ﻿31.767°N 25.100°E﻿ / 31.767; 25.100Coordinates: 31°46′N 25°06′E﻿ / ﻿31.767°N 25.100°E﻿ / 31.767; 25.100",Allied victory,"16,000 [1]","45,000 [2]",,100,Battle of Bardia,Operation Compass,January 1941,https://en.wikipedia.org/wiki/Battle_of_Bardia
United Kingdom,Italy,4 killed 3 captured 7 tanks destroyed,9 tanks destroyed,,Richard O'Connor   Michael O'Moore Creagh,Rodolfo Graziani   Giuseppe Tellera  Valentino Babini,24 January 1941,"Mechili, Libya32°11′00″N 22°16′00″E﻿ / ﻿32.18333°N 22.26667°E﻿ / 32.18333; 22.26667Coordinates: 32°11′00″N 22°16′00″E﻿ / ﻿32.18333°N 22.26667°E﻿ / 32.18333; 22.26667",British victory,145 tanks,"5,000 men 129 tanks 25 tankettes 6 armoured cars 84 guns",,100,Battle of Mechili,Operation Compass,January 1941,https://en.wikipedia.org/wiki/Battle_of_Mechili
Free France   United Kingdom,Italy,4 killed 21 wounded,3 killed 4 wounded 282 captured 3 aircraft destroyed,,Col. Philippe Leclerc,Capt. Colonna,31 January – 1 March 1941,"Kufra, LibyaCoordinates: 24°11′N 23°17′E﻿ / ﻿24.183°N 23.283°E﻿ / 24.183; 23.283",Allied victory,1  FFF   Battalion  (350 men) 1  LRDG  (76 men) 60 trucks,2  Italian Askari Company  (310 men) 1  Auto-Saharan Company  (120 men) 20 trucks 4 aircraft,,100,Capture of Kufra,Operation Compass,January 1941 – March 1941,https://en.wikipedia.org/wiki/Capture_of_Kufra
"British Commonwealth 
 
   United Kingdom 
   Australia",Italy,"part of 1,928 9 December 1940 – 9 February 1941","25,000",,Archibald Wavell   Richard O'Connor   Michael O'Moore Creagh,Rodolfo Graziani   Giuseppe Tellera   † Annibale Bergonzoli   ( POW ),6–7 February 1941,"Cyrenaica, Libya31°14′28″N 20°18′31″E﻿ / ﻿31.24111°N 20.30861°E﻿ / 31.24111; 20.30861Coordinates: 31°14′28″N 20°18′31″E﻿ / ﻿31.24111°N 20.30861°E﻿ / 31.24111; 20.30861",British victory,Western Desert Force  ( XIII Corps  from January 1941),10th Army,,100,Battle of Beda Fomm,Operation Compass,February 1941,https://en.wikipedia.org/wiki/Battle_of_Beda_Fomm
"British Empire 
 
   United Kingdom 
   British India 
   Australia 
   Southern Rhodesia 
   Free France","Kingdom of Italy 
 
   Italian Libya","500 killed 1,373 wounded 55 missing 26 aircraft","5,500+ killed 10,000 wounded 133,298 captured 420 tanks 845 guns 564 aircraft (incl. reinforcements)",,Archibald Wavell   Henry Wilson   Richard O'Connor   Iven Mackay,Rodolfo Graziani   Giuseppe Tellera   †   Pietro Maletti   †   Annibale Bergonzoli,9 December 1940 – 9 February 1941,"Sidi Barrani, Egypt to El Agheila, Libya",British victory,"36,000 men 275 tanks 120 guns 142 aircraft","150,000 men 600 tanks & tankettes 1,600 guns 331 aircraft",Recapture of western Egypt and occupation of Cyrenaica,5,Operation Compass,Western Desert Campaign,December 1940 – February 1941,https://en.wikipedia.org/wiki/Operation_Compass
"Germany 
   Italy","United Kingdom 
   British Raj 
   Australia",103–107 tanks (some damaged and repaired),"1,760 POWs 
 c.  100  percent tank losses",,"Germany 
 Erwin Rommel 
 Italo Gariboldi","United Kingdom 
 Archibald Wavell 
 Philip Neame    ( POW )",6 February – 25 May 1941,"Cyrenaica, Libya27°N 17°E﻿ / ﻿27°N 17°E﻿ / 27; 17Coordinates: 27°N 17°E﻿ / ﻿27°N 17°E﻿ / 27; 17",Axis victory,"elements of 2 German divisions 
 elements of 5 Italian divisions","1 division 
 3 brigades 
 1 armoured brigade (understrength)","Cyrenaica re-captured by Axis, Tobruk besieged",100,Operation Sonnenblume,Western Desert Campaign,February – May 1941,https://en.wikipedia.org/wiki/Operation_Sonnenblume
United Kingdom   Australia,Germany   Italy,1 killed 70 captured,1 artillery battery destroyed 1 supply dump destroyed,,Lieutenant Colonel  Colvin,Erwin Rommel   Rodolfo Graziani,19/20 April 1941,"Bardia, Cyrenaica31°46′N 25°06′E﻿ / ﻿31.767°N 25.100°E﻿ / 31.767; 25.100Coordinates: 31°46′N 25°06′E﻿ / ﻿31.767°N 25.100°E﻿ / 31.767; 25.100",Allied victory,A Battalion Layforce RTR Troop HMS  Glengyle HMS  Coventry HMAS  Stuart HMAS  Voyager HMAS  Waterhen HMS  Triumph,Unknown,,100,Bardia raid,Siege of Tobruk,April 1941,https://en.wikipedia.org/wiki/Bardia_raid
United Kingdom   Australia,Germany   Italy,206+ casualties 5 tanks destroyed 6 aircraft destroyed,605+ casualties 3 tanks destroyed,,Archibald Wavell   William Gott,Erwin Rommel   Maximilian von Herff,15–16 May 1941,Egyptian and Libyan border31°34′51″N 25°03′08″E﻿ / ﻿31.58083°N 25.05222°E﻿ / 31.58083; 25.05222Coordinates: 31°34′51″N 25°03′08″E﻿ / ﻿31.58083°N 25.05222°E﻿ / 31.58083; 25.05222,Inconclusive,3 infantry battalions 53 tanks,Elements of several battalions 30–50 tanks,,100,Operation Brevity,Siege of Tobruk,May 1941,https://en.wikipedia.org/wiki/Operation_Brevity
United Kingdom,Germany,,,173 men 12 guns 5  Infantry tanks,William Gott,Maximilian von Herff,26–27 May 1941,"Halfaya Pass, Egypt31°30′N 25°11′E﻿ / ﻿31.500°N 25.183°E﻿ / 31.500; 25.183Coordinates: 31°30′N 25°11′E﻿ / ﻿31.500°N 25.183°E﻿ / 31.500; 25.183",Axis victory,Infantry battalion and supporting arms,Kampfgruppe von Herff,Axis re-captured Halfaya Pass,100,Operation Skorpion,Siege of Tobruk,May 1941,https://en.wikipedia.org/wiki/Operation_Skorpion
"United Kingdom 
 
   British India 
   Poland 
   Czechoslovakia",Germany   Italy,969 casualties [b] 91 [c] -98 tanks [d] 36 aircraft [e],"1,270 casualties [f] 12 tanks [g] 10 aircraft [2]",,Archibald Wavell   Noel Beresford-Peirse,Italo Gariboldi   Erwin Rommel,15–17 June 1941,"Cyrenaica, LibyaCoordinates: 31°30′13″N 25°06′54″E﻿ / ﻿31.50361°N 25.11500°E﻿ / 31.50361; 25.11500",Axis victory,"25,000 men [1] 90 cruisers and  c.  100  'I' tanks"" [2] 98 fighters [3] 105 bombers [3]","8th Panzer Regiment began with  c.  100  tanks, about 50 being gun tanks; 5th Panzer Regiment had 96 tanks (57 gun tanks). [2] 130 fighters [3] 84 bombers [a]",,100,Operation Battleaxe,Siege of Tobruk,June 1941,https://en.wikipedia.org/wiki/Operation_Battleaxe
"United Kingdom 
 
   British India 
   Australia",Italy,1 dead 4 wounded,1  ammunition dump  and several mortars destroyed. 200 dead (Italian claim). [1],,Captain  M Keely,Unknown,17/18 July 1941,Tobruk32°06′31.3″N 23°50′07.4″E﻿ / ﻿32.108694°N 23.835389°E﻿ / 32.108694; 23.835389Coordinates: 32°06′31.3″N 23°50′07.4″E﻿ / ﻿32.108694°N 23.835389°E﻿ / 32.108694; 23.835389,Allied victory,43 Commandos Small detachment engineers,Unknown,,100,Twin Pimples raid,Siege of Tobruk,July 1941,https://en.wikipedia.org/wiki/Twin_Pimples_raid
"United Kingdom 
 
   India 
   Australia 
   New Zealand 
   Poland   Czechoslovakia",Germany   Italian Libya,"5,989","12,296 74–150 aircraft",,"Leslie Morshead  (April–September 1941) 
 
   Ronald Scobie  (September–November 1941)","Erwin Rommel 
 
   Gastone Gambara",10 April – 27 November 1941,"Tobruk, Libya32°04′34″N 23°57′41″E﻿ / ﻿32.07611°N 23.96139°E﻿ / 32.07611; 23.96139Coordinates: 32°04′34″N 23°57′41″E﻿ / ﻿32.07611°N 23.96139°E﻿ / 32.07611; 23.96139",Allied victory,"27,000","35,000",,5,Siege of Tobruk,Western Desert Campaign,April – November 1941,https://en.wikipedia.org/wiki/Siege_of_Tobruk
United Kingdom,Italy,30+ killed 20+ wounded 42 missing and captured 42–52 tanks,25 killed  74 wounded 83 missing 34 tanks,,John Scott-Cockburn,Mario Balotta,19 November 1941,"Bir el Gubi, Italian Libya",Italian victory,150 tanks,130 tanks,,100,First Battle of Bir el Gubi,Operation Crusader,November 1941,https://en.wikipedia.org/wiki/First_Battle_of_Bir_el_Gubi
Italy,New Zealand,"Operation Crusader: 5,707","Operation Crusader: 4,620",,Mario Balotta,Bernard Freyberg,29 November – 1 December 1941,"near Sidi Rezegh, Libya31°49′36″N 24°08′10″E﻿ / ﻿31.82667°N 24.13611°E﻿ / 31.82667; 24.13611Coordinates: 31°49′36″N 24°08′10″E﻿ / ﻿31.82667°N 24.13611°E﻿ / 31.82667; 24.13611",Italian victory,"132nd Armoured Division  Ariete : 9,274 men","2nd New Zealand Division : 20,000 men",,100,Battle of Point 175,Operation Crusader,November – December 1941,https://en.wikipedia.org/wiki/Battle_of_Point_175
United Kingdom,Italy   Germany,300 killed 250 wounded 71 prisoners 12 tanks,60 killed 117 wounded 31 missing and prisoners [4] 10 tankettes,,Willoughby Norrie  Andrew Anderson,Ferdinando Tanucci  ( WIA )   Ludwig Crüwell,4–7 December 1941,"Bir el Gubi, Italian Libya",Italian victory,"XXX British Corps  -11th Indian Brigade around 3,000 men [1]  -7th Armoured Division 14,964 men [2] 
 
 22nd Guards Brigade   around 3,000 men [3]","136th ""Giovani Fascisti"" Regiment  1,454 men 10 guns 2 tanks and 12 tankettes later reinforced by 3 armoured divisions",,100,Second Battle of Bir el Gubi,Operation Crusader,December 1941,https://en.wikipedia.org/wiki/Second_Battle_of_Bir_el_Gubi
United Kingdom   India   Australia   New Zealand   South Africa   Poland   Czechoslovakia [1],Germany   Italy,"17,700 casualties [note 7]","38,300 casualties [note 8]",,Claude Auchinleck   Alan Cunningham   Neil Ritchie   Willoughby Norrie   Reade Godwin-Austen,Erwin Rommel   Ludwig Crüwell   Ettore Bastico   Gastone Gambara   Enea Navarini,18 November – 30 December 1941 (1941-11-18 – 1941-12-30),Egypt and LibyaCoordinates: 30°N 24°E﻿ / ﻿30°N 24°E﻿ / 30; 24,Allied victory,"118,000 men [2] 738 tanks [note 1] 724 aircraft (616 serviceable) [note 2]","119,000 men [note 3] 390 [note 4] –414 tanks [note 5] 536 aircraft (342 serviceable) [note 6]",,5,Operation Crusader,Western Desert Campaign,November – December 1941,https://en.wikipedia.org/wiki/Operation_Crusader
"Free French Forces   United Kingdom 
 
   British Raj",Germany   Italy,141 killed   229 wounded   814 captured  53 guns   50 vehicles   110 aircraft,"3,300 killed or wounded   227–845 captured   164 vehicles   49 aircraft",,Marie-Pierre Kœnig,Erwin Rommel,26 May – 11 June 1942,"Bir Hakeim, Libya",See Aftermath,"3,703 men","37,000 Axis troops",,100,Battle of Bir Hakeim,Battle of Gazala,26 May – 11 June 1942,https://en.wikipedia.org/wiki/Battle_of_Bir_Hakeim
Italy   Germany,"United Kingdom 
 
   India 
   South Africa   Free French   United States [a]","German : 3,360 killed, wounded or captured Italian : fewer than the Germans 400 tanks damaged or destroyed","50,000 killed, wounded or captured (incl.  c.  32,000  prisoners at Tobruk) 1,188 tanks damaged or destroyed",,Ettore Bastico   Erwin Rommel,Claude Auchinleck   Neil Ritchie,26 May – 21 June 1942 (25 days),"Gazala, near Tobruk, Libya32°08′43″N 23°21′27″E﻿ / ﻿32.14528°N 23.35750°E﻿ / 32.14528; 23.35750Coordinates: 32°08′43″N 23°21′27″E﻿ / ﻿32.14528°N 23.35750°E﻿ / 32.14528; 23.35750",Axis victory,"90,000 men (50,000 German, 40,000 Italian) 560 tanks (228 Italian tanks) 542 aircraft","110,000 men 843 tanks 604 aircraft",,5,Battle of Gazala,Western Desert Campaign,May – June 1942,https://en.wikipedia.org/wiki/Battle_of_Gazala
Italy   Germany,"British Empire 
 
   India 
   Australia   New Zealand   South Africa","10,000 killed or wounded [3] 7,000 prisoners [4] [5]","13,250 casualties [5]",,Ettore Bastico   Erwin Rommel,Claude Auchinleck,1–27 July 1942,"El Alamein, Egypt",See Aftermath section,"96,000 troops (40,000 German, 56,000 Italian) 70 tanks initially (585 tanks later) [a] [1] ~500 planes","150,000 troops 179 tanks initially (1,114 tanks later) [b] [2] 1,000+ artillery pieces 1,500+ planes",,100,First Battle of El Alamein,Western Desert Campaign,July 1942,https://en.wikipedia.org/wiki/First_Battle_of_El_Alamein
United Kingdom   New Zealand,Germany   Italy,"1,750 killed, wounded or captured [2] 68 tanks [2] 67 aircraft [3]","2,900 killed, wounded or captured [2] 49 tanks [2] 36 aircraft 60 guns [2] 400 transport vehicles [2]",,Sir Harold Alexander   Bernard Montgomery,Ettore Bastico   Erwin Rommel,30 August – 5 September 1942,"30°40′N 29°10′E﻿ / ﻿30.667°N 29.167°E﻿ / 30.667; 29.167Coordinates: 30°40′N 29°10′E﻿ / ﻿30.667°N 29.167°E﻿ / 30.667; 29.167Near El Alamein, Egypt",British victory[1],XIII Corps  ( Eighth Army ):  4 divisions,Panzer Army Africa : 6 divisions,,100,Battle of Alam el Halfa,Western Desert Campaign,August – September 1942,https://en.wikipedia.org/wiki/Battle_of_Alam_el_Halfa
Germany   Italy,"United Kingdom 
 
   India 
   Palestine 
   Ceylon 
   Australia   New Zealand   South Africa   Free French   Free Greeks   United States  (air support) [1] [2]","30,500 to 59,000 men c.  500  tanks 254 guns 64 German and 20 Italian aircraft","13,560 men [i] 332– c.  500  tanks 111 guns 77 British and 20 US aircraft [13]",,Ettore Bastico   Georg Stumme   †     Erwin Rommel,Harold Alexander   Bernard Montgomery,23 October – 11 November 1942,"El Alamein, Egypt",Allied victory,"116,000 men [3] [a] 547 tanks [b]  192 armoured cars [4]  770 [6]  – 900 aircraft (480 serviceable) [c] 552 artillery pieces [8] 496 anti-tank guns [d]  – 1,063 [10]","195,000 men [4] 1,029 tanks [e] 435 armoured cars [4] 730 [f]  – 750 aircraft (530 serviceable) [g]  892 [8]  – 908 artillery pieces [4]  1,451 anti-tank guns [4] [h]",,100,Second Battle of El Alamein,Western Desert Campaign,October – November 1942,https://en.wikipedia.org/wiki/Second_Battle_of_El_Alamein
United Kingdom   New Zealand,Germany   Italy,,,,Bernard Montgomery,Erwin Rommel,11–18 December 1942[a],"El Agheila, LibyaCoordinates: 30°16′N 19°12′E﻿ / ﻿30.267°N 19.200°E﻿ / 30.267; 19.200",Allied victory,,,Axis forces retreat into Tripolitania,100,Battle of El Agheila,Western Desert Campaign,December 1942,https://en.wikipedia.org/wiki/Battle_of_El_Agheila
".mw-parser-output .nobold{font-weight:normal}   British Empire 
   United Kingdom 
   Australia 
   India 
   New Zealand 
   South Africa 
   Sudan 
   Southern Rhodesia 
   Palestine 
   Canada 
 
 
   Free France   Poland   Greece   Czechoslovakia",Italy   Germany,,,,Archibald Wavell   Alan Cunningham   Claude Auchinleck   Harold Alexander   Bernard Montgomery,Italo Balbo   †   Rodolfo Graziani   Italo Gariboldi   Ettore Bastico   Erwin Rommel   Georg Stumme   †,"11 June 1940 – 4 February 1943(2 years, 7 months, 3 weeks and 3 days)","Western Desert, Egypt and Libya24°N 25°E﻿ / ﻿24°N 25°E﻿ / 24; 25Coordinates: 24°N 25°E﻿ / ﻿24°N 25°E﻿ / 24; 25",Allied victory,,,,3,Western Desert Campaign,North African Campaign,June 1940 – February 1943,https://en.wikipedia.org/wiki/Western_Desert_Campaign
"Allies   British Empire 
 
   United Kingdom 
   India 
   Australia 
   New Zealand 
   South Africa 
   Southern Rhodesia 
   Canada 
   United States [nb 1] 
   Free France 
 
   Algeria [nb 1] 
   Tunisia [nb 1] 
   Morocco [nb 1] 
   Poland   Czechoslovakia   Greece","Axis 
   Italy 
 
   Libya 
   Germany 
 
 
   Vichy France [nb 2] 
 
   Algeria [nb 2] 
   Tunisia [nb 2] 
   Morocco [nb 2]","British Commonwealth : 35,478 killed [1] 220,000 total casualties [2]   Free French :  16,000 killed, wounded or missing [3] 
   United States : 2,715 killed 8,978 wounded 6,528 missing [4] [5] Material losses : 2,000 tanks destroyed 1,400 aircraft destroyed","Italy : 22,341 killed [6] 250,000–350,000 captured [7] [nb 4]   Germany : [9] [ better source needed ] 18,594 killed 3,400 missing 130,000 captured   Vichy France : [nb 5]   [ citation needed ] 1,346 killed 1,997 wounded Material losses : [10] [11] 2,550 tanks lost 70,000 trucks lost 6,200 guns lost 8,000 aircraft destroyed
 2,400,000 gross tons of supplies lost",,Harold Alexander   Claude Auchinleck   Archibald Wavell   Bernard Montgomery   David Stirling   Dwight D. Eisenhower   George S. Patton   Philippe Leclerc   Marie-Pierre Kœnig   François Darlan   † [nb 3]   Władysław Anders,"Italo Balbo   †   Rodolfo Graziani   Italo Gariboldi   Ugo Cavallero   Ettore Bastico   Pietro Badoglio   Giovanni Messe     Erwin Rommel   Hans-J. von Arnim     Adolf Hitler 
   François Darlan   † [nb 3]","10 June 1940 – 13 May 19432 years, 11 months and 3 days",Italian LibyaKingdom of Egypt French Algeria / Tunisia / Morocco,"Allied victory

Occupation of Italian Libya
Surrender of all Axis forces in North Africa
Eventual Allied invasion of Sicily",,,Italian Libya placed under British military administration,1,North African Campaign,African Front,Western Desert Campaign,https://en.wikipedia.org/wiki/North_African_Campaign
"United Kingdom 
 
   Anglo-Egyptian Sudan",Italy,,,,William Platt,Luigi Frusci,10 June 1940 – 17 January 1941,Sudan border with Italian Eritrea and Ethiopia16°00′00″N 36°00′00″E﻿ / ﻿16.00000°N 36.00000°E﻿ / 16.00000; 36.00000,British victory,,,,100,Italian invasion of Sudan,East African Campaign,June 1940,https://en.wikipedia.org/wiki/Capture_of_Kassala
British Empire,Italy,38 killed  102 wounded 120 missing 7 aircraft destroyed 5 artillery pieces captured 5 mortars captured [1],465 killed 1530 wounded 34 missing [1],,A. R. Godwin Austin   Arthur Chater,Carlo de Simone   Guglielmo Nasi,11–15 August 1940,British Somaliland09°57′30″N 44°27′27″E﻿ / ﻿9.95833°N 44.45750°E﻿ / 9.95833; 44.45750Coordinates: 09°57′30″N 44°27′27″E﻿ / ﻿9.95833°N 44.45750°E﻿ / 9.95833; 44.45750,Italian victory,"5,000 regular and colonial infantry","At least 24,000 colonial troops with 5,000 Italian regulars",,100,Battle of Tug Argan,Italian conquest of British Somaliland,,https://en.wikipedia.org/wiki/Battle_of_Tug_Argan
".mw-parser-output .nobold{font-weight:normal}   British Empire 
   United Kingdom 
   India 
   British Somaliland 
   Kenya 
   Nyasaland 
   Northern Rhodesia 
   Southern Rhodesia 
   Australia   (naval only) 
   South Africa   (air force only) 
 
 
   Ethiopia","Italy 
 
   Italian East Africa","British Empire: 50 killed 105 wounded 120 missing 7 aircraft destroyed 10 aircraft damaged 1 tug lost 2 vessels damaged [3] Somali: c.  2,000","Italian and  Ascari : 465 killed 1,530 wounded 34 missing [4] 4 aircraft destroyed Bande irregolari : c.  1,000",,"Henry Maitland Wilson 
   Reade Godwin-Austen 
   Arthur Chater","Duke of Aosta 
   Guglielmo Nasi 
   Carlo de Simone",3–19 August 1940,British Somaliland09°33′N 44°04′E﻿ / ﻿9.550°N 44.067°E﻿ / 9.550; 44.067Coordinates: 09°33′N 44°04′E﻿ / ﻿9.550°N 44.067°E﻿ / 9.550; 44.067,Italian victory,"4,507 British and Commonwealth troops 75%  King's African Rifles  and Somali irregulars [1]","24,000 Italian and colonial troops [2]",Annexed to Italian East Africa[a],3,Italian conquest of British Somaliland,East African Campaign,August 1940,https://en.wikipedia.org/wiki/Italian_conquest_of_British_Somaliland
"United Kingdom 
 
   Anglo-Egyptian Sudan 
   India","Italy 
 
   Italian East Africa  ( Africa Orientale Italiana )",,"1,500–2,000 prisoners 14 tanks 43 guns",,Archibald Wavell William Platt Noel Beresford-Peirse,Duke of Aosta Orlando Lorenzini,26–31 January 1941,"Agordat, Eritrea15°32′55″N 37°53′12″E﻿ / ﻿15.54861°N 37.88667°E﻿ / 15.54861; 37.88667Coordinates: 15°32′55″N 37°53′12″E﻿ / ﻿15.54861°N 37.88667°E﻿ / 15.54861; 37.88667",British victory,2 infantry divisions Sudan Defence Force  (elements),"6,000–7,000 men",,100,Battle of Agordat,East African Campaign,January 1941,https://en.wikipedia.org/wiki/Battle_of_Agordat_(1941)
United Kingdom   British Raj   Free France,Kingdom of Italy,"536 killed 3,229 wounded","Italian: 3,000 killed 4,500 wounded Colonial: 9,000 killed",,"William Platt 
   Noel Beresford-Peirse 
   Lewis Heath","Nicolangelo Carnimeo 
   Orlando Lorenzini   †",5 February – 1 April 1941 (1941-02-05 – 1941-04-01),"Keren, Eritrea",Allied victory,"13,000","23,000",,100,Battle of Keren,East African Campaign,February 1941,https://en.wikipedia.org/wiki/Battle_of_Keren
"Belgium 
 
   Belgian Congo 
   British Empire 
 
   Kenya 
   Ethiopian Empire 
 
 Air support:   South Africa","Italy 
 
   Italian East Africa",Belgium : 462 dead,"c.  1,200  dead 6,454 captured",,Auguste Gilliaert    Leopold Dronkers-Martens  Edmond van der Meersch  J. W. E. Mackenzie,Pietro Gazzera   ( POW )   Carlo De Simone   ( POW ),25 March–6 July 1941,"Saïo Plateau, Ethiopia08°32′N 34°48′E﻿ / ﻿8.533°N 34.800°E﻿ / 8.533; 34.800Coordinates: 08°32′N 34°48′E﻿ / ﻿8.533°N 34.800°E﻿ / 8.533; 34.800",Allied victory,"Belgium : c.  3,000  troops 2,000 porters United Kingdom : 1 battalion Ethiopian Empire : Unknown number of resistance fighters South Africa : 3 aircraft","7,000–8,000 troops Unknown number of aircraft",Galla-Sidamo Governorate liberated by Allied forces,100,Siege of Saïo,East African Campaign,March 1941,https://en.wikipedia.org/wiki/Siege_of_Sa%C3%AFo
Italy,United Kingdom   South Africa   Ethiopian Empire,"3,500 killed or wounded, all survivors captured [2]",Unknown,,"Prince Amedeo, Duke of Aosta    ( POW )",Sir Alan Cunningham     William Platt [1]   Mosley Mayne,4–19 May 1941,"Amba Alagi, Ethiopia",Allied victory,"7,000 (4,000 Italians and 3,000 colonials)","41,000 (regulars & irregulars)",,100,Battle of Amba Alagi,East African Campaign,May 1941,https://en.wikipedia.org/wiki/Battle_of_Amba_Alagi_(1941)
"United Kingdom 
 
   Anglo-Egyptian Sudan 
   Gold Coast 
   Kenya Colony 
   South Africa 
   Ethiopian Empire","Italy 
 
   Italian East Africa",Unknown,"1,003 killed (513 Italian and 490 Askari) 1,900 prisoners including 804 wounded (404 Italian and 400 Askari) about 100 civilian dead [a] [1]",,Colin Frederick Blackden,Augusto Ugolini   ( POW ),6 August – 21 November 1941,"Culqualber Pass, Ethiopia12°36′N 37°28′E﻿ / ﻿12.600°N 37.467°E﻿ / 12.600; 37.467Coordinates: 12°36′N 37°28′E﻿ / ﻿12.600°N 37.467°E﻿ / 12.600; 37.467",Allied victory,"22,500 men c.  100  aircraft","2,900 men 2 aircraft",,100,Battle of Culqualber,East African Campaign,August – November 1941,https://en.wikipedia.org/wiki/Battle_of_Culqualber
Italy Regio Corpo Truppe Coloniali,United Kingdom  Commonwealth troops  Ethiopian irregulars,"Italian: 407 killed (November 1941), 1,289 killed since June 1940 Ascari: 3,700 killed June-November 1941 [2] [ page needed ] Sick and wounded: 8,400 (Italian and Askari) [3] 22,000 prisoners (Italian and Askari) 1 aircraft [4]",Final assault: 32 killed 182 wounded 6 missing 15 aircraft [4],,Guglielmo Nasi,William Platt     Charles Fowkes,13–27 November 1941,"Gondar, Ethiopia12°36′00″N 37°28′00″E﻿ / ﻿12.60000°N 37.46667°E﻿ / 12.60000; 37.46667Coordinates: 12°36′00″N 37°28′00″E﻿ / ﻿12.60000°N 37.46667°E﻿ / 12.60000; 37.46667",Allied victory,"41,000 70 guns 1 aircraft",2 East African Infantry brigades Camforce (Ethiopian Patriots) Kenya Armoured Car Regiment South African Light Armoured Detachment [1],Occupation of Italian East Africa,100,Battle of Gondar,East African Campaign,November 1941,https://en.wikipedia.org/wiki/Battle_of_Gondar
".mw-parser-output .nobold{font-weight:normal}   British Empire 
     Australia 
     Gold Coast 
     India 
     Kenya 
     Nigeria 
     Nyasaland 
     Northern Rhodesia 
     Somaliland 
     South Africa 
     Southern Rhodesia 
     Sudan 
     United Kingdom 
 
 
   Free Ethiopia 
 
 Arbegnoch 
   Free Belgium 
 
   Belgian Congo 
   Free France 
 
   Equatorial Africa","Italy 
 
   Italian East Africa","Military operations to April 1941: 75,704 11,130 killed Sickness/accident: 74,550 (dysentery: 10,000 malaria: 10,000, fatal: 744) Belgian: 462 dead Aircraft: 138 Subsequent operations: Gondar, 32 killed, 182 wounded, 6 missing 15 aircraft","Military operations to April 1941: 61,326 16,966 killed 25,098 wounded 19,262 POW Aircraft: 250 Surrendered by November 1941: 230,000",,Archibald Wavell   Reade Godwin-Austen   William Platt   Alan Cunningham   Haile Selassie   Abebe Aregai   Auguste Gilliaert     George Brink,Duke of Aosta     Guglielmo Nasi      Luigi Frusci      Pietro Gazzera      Carlo De Simone      Nicolangelo Carnimeo,10 June 1940 – 8 September 1943(Guerrilla war after 27 November 1941),"East Africa: Ethiopia, Somalia, Somaliland, Eritrea, Djibouti, South Sudan and Kenya",Allied victory,"Kenya
 
 June 1940: 9,975 
 Nov. 1940: 70,000 
 South African: 27,000 East African: 33,000 West African: 9,000 Sudan
 
 June 1940: 9,000 
 Nov. 1940: 28,000 
25,000  Arbegnoch","June 1940: 290,476
 
 Italian: 91,203 
 Colonial : 199,273 
 August 1940: 371,053
 
 Italian: 112,731 
 Colonial: 258,322 
 German: 100",Dissolution of Italian East AfricaRestoration of the Ethiopian Empire,1,East African Campaign,African Front,June 1940 – November 1941,https://en.wikipedia.org/wiki/East_African_Campaign_(World_War_II)
United Kingdom   Free France   Australia,"Vichy France 
 
   French West Africa",1 battleship crippled 1 battleship damaged  2 cruisers damaged 1 armed trawler sunk 6 torpedo planes lost,1 destroyer grounded 2 submarines sunk 1 battleship damaged Danish freighter MS  Tacoma  sunk [1] [2],,John Cunningham   Charles de Gaulle,Pierre François Boisson,23–25 September 1940,"Off Dakar, French West Africa",Vichy French victory,2 battleships 5 cruisers 10 destroyers 1 aircraft carrier,1 battleship 2 cruisers 4 destroyers  3 submarines coastal emplacements,,100,Battle of Dakar,West African Campaign,September 1940,https://en.wikipedia.org/wiki/Battle_of_Dakar
"Free French 
 
 French Chad 
 French Congo 
 French Cameroons 
 Naval support :   United Kingdom","Vichy France 
 
 French Gabon",unknown 4 aircraft destroyed,unknown human losses 1 aviso destroyed 1 submarine scuttled,,Philippe Leclerc   Georges d'Argenlieu   John Cunningham,Georges Masson  †   Marcel Tetu   ( POW ),27 October – 12 November 1940,"Gabon, French Equatorial Africa",Allied victory,unknown land strength Royal Navy : 1 heavy cruiser 1 sloop Free French : 1 aviso 1 minesweeper 1 cargo ship,unknown land strength 1 aviso 1 submarine,Free French Forces gain control over Gabon and the remainder of French Equatorial Africa from the Vichy regime.,100,Battle of Gabon,West African Campaign,November 1940,https://en.wikipedia.org/wiki/Battle_of_Gabon
,,,,,,,,,,,,,1,West African Campaign,African Front,September–November 1940,https://en.wikipedia.org/wiki/French_West_Africa_in_World_War_II
"Allies : 
   United Kingdom 
 
   Assyrian Levies 
   Palestine [1] 
   Transjordan 
   India 
   'Abd al-Ilah  loyalists   Australia [nb 1]   New Zealand [nb 2]   Greece [nb 3]","Axis Powers : 
 
   Iraq   Germany [5]   Italy [6]",Casualties slight [20] At least 200 killed [21] 28 aircraft [22],"1,750 casualties, including 500 killed [20] Most of the serviceable Iraqi aircraft [23] 19 German aircraft [6] 3 Italian aircraft [6]",,Claude Auchinleck   Archibald Wavell [9]   Edward Quinan [10]   William Fraser [9]     William Slim   H. G. Smart [11]   Ouvry Roberts   John D'Albiac     'Abd al-Ilah,Rashid Ali   Amin al-Husseini [12]   Salah al-Din al-Sabbagh   Kamil Shabib   Fahmi Said   Mahmud Salman   Fawzi al-Qawuqji   Werner Junck,2–31 May 1941[7][nb 4],Iraq,Allied victory,1 infantry division [13] 2  brigade groups [nb 5] 100+ aircraft [nb 6],"4 divisions [16] 30,000 troops [17] 116 Iraqi aircraft [18]  (50 – 60 serviceable) [10] 21–29 German aircraft [5] [19] 12 Italian aircraft [6]",,100,Iraq Campaign,African Front,May 1941,https://en.wikipedia.org/wiki/Anglo-Iraqi_War
"United Kingdom 
 
   British India 
   Kingdom of Iraq 
   British Palestine 
   Transjordan 
   Australia   Free France   Czechoslovakia","Vichy France 
 
   Syrian Republic 
   Greater Lebanon 
   Germany   Italy","c.  4,652    Australian: 1,552  Free French:  c.  1,300 British and Indian: 1,800, 1,200 POW, 3,150 sick 27 aircraft","6,352 (Vichy figures)  8,912 (British figures) 179 aircraft 1 submarine sunk 5,668  defectors",,Archibald Wavell   Henry Wilson   John Lavarack   Paul Legentilhomme   Karel Klapálek,Henri Dentz,8 June – 14 July 1941,Syria and Lebanon,Allied victory,".mw-parser-output .nobold{font-weight:normal} ~34,000 troops 
  18,000
  9,000
  5,000
  2,000
 
 
50+ aircraft 1  landing ship 5  cruisers 8 destroyers","~35,000 troops 
  8,000
  25,000
 
 
90 tanks 289 aircraft 2  destroyers 3 submarines",Syria and Lebanon taken over by Free France,100,Syria–Lebanon Campaign,African Front,June – July 1941,https://en.wikipedia.org/wiki/Syria%E2%80%93Lebanon_Campaign
"Soviet Union 
 .mw-parser-output .nobold{font-weight:normal}   British Commonwealth 
   United Kingdom 
   India 
   Australia",Iran,Soviet: 40  KIA 3 planes lost Commonwealth: 22  KIA [1] 50  WIA [1] 1 tank destroyed,"~800  KIA 2 sloops sunk, 2 patrol boats captured 6 planes lost",,Dmitri T. Kozlov   Sergei Trofimenko   Edward Quinan   William Slim,Shah   Rezā Pahlavi   Ali Mansur   Mohammad-Ali Foroughi   Gholamali Bayandor   †  Ahmad Nakhjevan  Mohammad Shahbakhti,25 August – 17 September 1941,Imperial State of Iran32°N 53°E﻿ / ﻿32°N 53°E﻿ / 32; 53Coordinates: 32°N 53°E﻿ / ﻿32°N 53°E﻿ / 32; 53,"Allied victory

Abdication of Rezā Shāh Pahlavi
Opening of the Persian Corridor to provide the USSR with supplies from the Persian Gulf",Soviet: 3 armies Commonwealth: 2 divisions and 3 brigades 4 sloops 1 gunboat 1 corvette 1 armed merchant cruiser 1 armed yacht Unknown number of auxiliary vessels,9 divisions 60 aircraft 2 sloops 4 patrol boats,"Occupation of Iran by Soviet and British troops

Northern Iran occupied by the Soviet Union
Southern Iran occupied by the British Commonwealth",100,Iran Campaign,African Front,August–September 1941,https://en.wikipedia.org/wiki/Anglo-Soviet_invasion_of_Iran
United States   United Kingdom,Vichy France,"1 destroyer sunk 22 killed, 55 wounded [1]  All landed infantry captured",? dead ? wounded,,Col. E Swenson     Capt. H St. J Fancourt,Adm. Jacques Hector Moreau,8 November 1942,"Algiers, Algeria",Vichy French victory,2 destroyers 622 troops,5th company of 13ème Régiment de  Tirailleurs Sénégalais  Coastal defense units Armored cars from 5th Régiment de  Chasseurs d'Afrique,,100,Operation Terminal,Operation Torch,8 November 1942,https://en.wikipedia.org/wiki/Operation_Terminal
United States,"Vichy France 
 
 
   Nazi Germany",4 troopships sunk ~150 landing craft sunk 4–5 aircraft destroyed 1 battleship damaged 1 heavy cruiser damaged 2 destroyers damaged 1 oiler damaged ~174 killed unknown wounded,"1 battleship sunk  1 light cruiser grounded and burnt out 4 destroyers sunk 5 submarines sunk 7 aircraft destroyed  shore batteries destroyed 1 battleship damaged unknown destroyers damaged 2 submarines damaged 1 destroyer grounded 2 flotilla leaders grounded 1 submarine grounded ~462 killed ~200 wounded
 
 
  1 submarine sunk unknown human losses",,Henry Kent Hewitt,"Félix Michelier
 
 
   Ernst Kals",8–16 November 1942,"off Casablanca, French Morocco, Atlantic Ocean",American victory,1  aircraft carrier 1  escort carrier 1  battleship 3  heavy cruisers 1  light cruiser 14  destroyers 15  troopships 347  landing craft unknown  aircraft,"Vichy France: 1 battleship (partially armed) 1 light cruiser 2  flotilla leaders 7 destroyers 8  sloops 11  minesweepers 11  submarines unknown aircraft unknown  shore batteries 
 
 
 Germany: ~2 submarines unknown aircraft",,100,Naval Battle of Casablanca,Operation Torch,,https://en.wikipedia.org/wiki/Naval_Battle_of_Casablanca
"United States 
   United Kingdom 
 
   India 
   Free France 
 
 Naval only 
   Canada   Netherlands   Australia","Vichy France 
 
   Algeria 
   Morocco 
 Naval only 
   Germany   Italy",United States : 526 dead United Kingdom : 574 dead All Other Allies : 756 total wounded [2] 1 escort carrier ( HMS  Avenger  (D14) ) sunk with loss of 516 men  4 destroyers lost 2 sloops lost 6 troopships lost 1 minesweeper lost 1 auxiliary anti-aircraft ship lost,"Vichy France: 1,346+ dead 1,997 wounded several shore batteries destroyed all artillery pieces captured 1 light cruiser lost 5 destroyers lost 6 submarines lost 2  flotilla leaders  lost Germany:  8 submarines lost by 17 November Italy:  2 submarines lost by 17 November [3]",,Dwight D. Eisenhower   George S. Patton   Lloyd Fredendall   Andrew Cunningham   Kenneth Anderson,François Darlan   Charles Noguès   Frix Michelier   Ernst Kals,8–16 November 1942,French Morocco and French Algeria,Allied victory,"Ground forces:  107,000 troops 33,000 in Morocco 39,000 near Algiers 35,000 near Oran Naval activity: 350 warships 500 transports Total: 850",Ground forces: 210 tanks 500 aircraft many  shore batteries  and artillery pieces Naval activity: 1  battleship  (partially armed) 10 other warships 11 submarines Germany:  14 submarines Italy : 14 submarines [1],Anglo-American occupation of Morocco and AlgeriaFree France control of French West AfricaGerman and Italian occupation of southern France,1,Operation Torch,African Front,November 1942,https://en.wikipedia.org/wiki/Operation_Torch
United States   United Kingdom   Free France,Germany   Italy,"300 killed 3,000 wounded 3,000 missing [2] 183 tanks lost 616 vehicles lost 208 guns lost [1] [3] [4] (Including Sidi Bou Zid) Total : 10,000 casualties [1]","2,000 killed or wounded 400 captured 34 tanks destroyed [1] (Including Sidi Bou Zid)",,Lloyd Fredendall   Kenneth Anderson,Erwin Rommel,19-24 February 1943,"Kasserine Pass, Tunisia",Axis tactical victory,"30,000 [1]","22,000 [1]",,100,Battle of the Kasserine Pass,Tunisia Campaign,February 1943,https://en.wikipedia.org/wiki/Battle_of_the_Kasserine_Pass
United States,Germany,,,"2,546 missing 103 tanks [1]",Lloyd Fredendall   Orlando Ward,Hans-Jürgen von Arnim,14–17 February 1943,"Sidi Bou Zid, Tunisia34°52′N 9°29′E﻿ / ﻿34.867°N 9.483°E﻿ / 34.867; 9.483Coordinates: 34°52′N 9°29′E﻿ / ﻿34.867°N 9.483°E﻿ / 34.867; 9.483",German victory,,,,100,Battle of Sidi Bou Zid,Tunisia Campaign,February 1943,https://en.wikipedia.org/wiki/Battle_of_Sidi_Bou_Zid
United Kingdom   New Zealand   Free France,Germany   Italy,130 casualties,635 casualties 52 tanks,,Bernard Montgomery,Erwin Rommel   Giovanni Messe,6 March 1943,"Medenine, TunisiaCoordinates: 33°21′17″N 10°30′19″E﻿ / ﻿33.35472°N 10.50528°E﻿ / 33.35472; 10.50528",Allied victory,2 infantry divisions 1 armoured division 1 armoured brigade,2 infantry divisions 3 panzer divisions (understrength),,100,Battle of Medenine,Tunisia Campaign,March 1943,https://en.wikipedia.org/wiki/Battle_of_Medenine
"United Kingdom 
 
   British India 
   New Zealand 
 
   Free France   Greece",Italy   Germany,"4,000 casualties","7,000   ( POW )",,Bernard Montgomery,Giovanni Messe,16–31 March 1943,Southern TunisiaCoordinates: 33°38′N 10°18′E﻿ / ﻿33.633°N 10.300°E﻿ / 33.633; 10.300,British victory,"90,000 of 123,690 men [1]","73,500 of 115,000 men 455 guns 139–220 tanks 480 anti-tank guns seventy-five 88 mm guns [1]",,100,Battle of the Mareth Line,Tunisia Campaign,March 1943,https://en.wikipedia.org/wiki/Battle_of_the_Mareth_Line
United States,Germany   Italy,"25 tanks lost 4,000–5,000 killed or wounded","40+ tanks lost 4,000–6,000 killed or wounded in 3 weeks",,George S. Patton,Jürgen von Arnim   Giovanni Messe,23 March – 3 April 1943,"El Guettar, Tunisia",Indecisive[1][2],,,,100,Battle of El Guettar,Tunisia Campaign,March – April 1943,https://en.wikipedia.org/wiki/Battle_of_El_Guettar
United Kingdom     United States,Germany   Italy,35 aircraft in aerial combat [1],4  Savoia-Marchetti SM.82 [2] 123 [2] —157 [1]   Junkers Ju 52s 21  Messerschmitt Me 323s [2] 432 Axis aircraft to all causes in total [1],,Arthur Tedder   Carl Spaatz   James H. Doolittle   Arthur Coningham,Martin Harlinghausen   Rino Corso Fougier,5—27 April 1943[1],"Tunis and Cape Bon, Tunisia
>37°20′N 11°20′E﻿ / ﻿37.333°N 11.333°E﻿ / 37.333; 11.333Coordinates: 37°20′N 11°20′E﻿ / ﻿37.333°N 11.333°E﻿ / 37.333; 11.333",Allied victory,,,,100,Operation Flax,Tunisia Campaign,April 1943,https://en.wikipedia.org/wiki/Operation_Flax
United Kingdom,Germany,400 casualties,500 casualties 600 captured [1],,Vyvyan Evelegh,Ernst-Günther Baade,22–23 April 1943,"Djebel el Ahmera, Djebel Rhar, Tunisia34°N 09°E﻿ / ﻿34°N 9°E﻿ / 34; 9Coordinates: 34°N 09°E﻿ / ﻿34°N 9°E﻿ / 34; 9",British victory,78th Division,999th Light Afrika Division,,100,Battle of Longstop Hill (1943),Tunisia Campaign,April 1943,https://en.wikipedia.org/wiki/Battle_of_Longstop_Hill_(1943)
United States,Germany,"2,453 [1]",Unknown,,"Omar Bradley   Charles W. Ryder   Terry de la Mesa Allen, Sr.",Hans-Jürgen von Arnim,27 April – 1 May 1943[1],"36°54′8″N 9°29′40″E﻿ / ﻿36.90222°N 9.49444°E﻿ / 36.90222; 9.49444Coordinates: 36°54′8″N 9°29′40″E﻿ / ﻿36.90222°N 9.49444°E﻿ / 36.90222; 9.49444Djebel Tahent, Tunisia",American victory,II Corps,Afrika Korps,,100,Battle of Hill 609,Tunisia Campaign,April – May 1943,https://en.wikipedia.org/wiki/Battle_of_Hill_609
United Kingdom   United States,Italy   Germany,,"240,000 captured",,Kenneth Anderson   Brian Horrocks   Omar Bradley,Giovanni Messe   Jürgen von Arnim,Vulcan: 22 April–6 May 1943Strike: 6–12 May 1943,"Tunis, Cap Bon, and Bizerte, Tunisia34°N 09°E﻿ / ﻿34°N 9°E﻿ / 34; 9Coordinates: 34°N 09°E﻿ / ﻿34°N 9°E﻿ / 34; 9",Allied victory,,,,100,Operation Vulcan,Tunisia Campaign,May 1943,https://en.wikipedia.org/wiki/Operation_Vulcan
United Kingdom   United States,Germany   Italy,,,,Andrew Cunningham,Unknown,8–13 May 1943,"Sicilian Channel and Cape Bon, Tunisia37°20′N 11°20′E﻿ / ﻿37.333°N 11.333°E﻿ / 37.333; 11.333Coordinates: 37°20′N 11°20′E﻿ / ﻿37.333°N 11.333°E﻿ / 37.333; 11.333",Allied victory,,,,100,Operation Retribution,Tunisia Campaign,May 1943,https://en.wikipedia.org/wiki/Operation_Retribution
"United Kingdom 
 
   British India 
   United States   Free France   New Zealand   Poland   Greece",Germany   Italy,"76,020 849 aircraft destroyed 340+ tanks lost [nb 3]","290,000–362,000 (238,000-300,000 captured) 
2,422+ aircraft destroyed 
 
600+ aircraft captured 450+ tanks lost [nb 4] 1,000+ guns captured Thousands of trucks captured [3]",,Harold Alexander   Kenneth Anderson   Bernard Montgomery   Dwight D. Eisenhower   George S. Patton,Albert Kesselring   Erwin Rommel   Hans-Jürgen von Arnim     Giovanni Messe,17 November 1942 – 13 May 1943,French Tunisia34°N 09°E﻿ / ﻿34°N 9°E﻿ / 34; 9Coordinates: 34°N 09°E﻿ / ﻿34°N 9°E﻿ / 34; 9,Allied victory,"March: 500,000 troops 1,800+ tanks 1,200+ field guns Thousands of aircraft [1]","March: 350,000 troops [nb 1] 200+ tanks [nb 2] 1,000+ field guns Thousands of aircraft [1]",Axis ejected from North Africa,1,Tunisia Campaign,African Front,November 1942 – May 1943,https://en.wikipedia.org/wiki/Tunisia_Campaign
