allies,allies,allies,allies,allies,allies,allies,allies,axis,axis,axis,axis,axis,axis,axis,axis,old_metrics,old_metrics,old_metrics,old_metrics,old_metrics,old_metrics,old_metrics,old_metrics,old_metrics,old_metrics,old_metrics,old_metrics,old_metrics,old_metrics,old_metrics,old_metrics,old_metrics,old_metrics,old_metrics,old_metrics,old_metrics,old_metrics,old_metrics,old_metrics,old_metrics,old_metrics,old_metrics
killed,wounded,captured,tanks,airplane,guns,ships,submarines,killed,wounded,captured,tanks,airplane,guns,ships,submarines,Belligerents.allies,Belligerents.axis,Belligerents.third party,Casualties and losses.allies,Casualties and losses.axis,Casualties and losses.third party,Casualties and losses.total,Commanders and leaders.allies,Commanders and leaders.axis,Commanders and leaders.third party,Date,Location,Result,Strength.allies,Strength.axis,Strength.third party,Strength.total,Territorial,level,name,parent,time,url,Lattitude,Longitude,start,end
21.0,53,0,0,0,0,0,0,400.0,0,0,0,0,0,0,0,Poland,Germany   Danzig,,15-21 killed and missing 40-53 wounded Remainder captured,300-400 casualties,,,Henryk Sucharski   Franciszek Dąbrowski,Friedrich-Georg Eberhardt   Gustav Kleikamp   Wilhelm Henningsen   †,,1–7 September 1939,"Westerplatte, harbor of Free City of Danzig54°24′27″N 18°40′17″E﻿ / ﻿54.40750°N 18.67139°E﻿ / 54.40750; 18.67139Coordinates: 54°24′27″N 18°40′17″E﻿ / ﻿54.40750°N 18.67139°E﻿ / 54.40750; 18.67139",German victory,210–240 soldiers,"~3,400 soldiers and policemen 1 pre-dreadnought 2 torpedo boats 60 dive bombers",,,,100,Battle of Westerplatte,German Invasion of Poland,,https://en.wikipedia.org/wiki/Battle_of_Westerplatte,54.4075,18.67139,1939-09-01,1939-09-01
500.0,0,0,1,0,0,0,0,800.0,0,0,50,0,0,0,0,Poland,Germany,,"500 killed, missing or wounded 300 horses several guns 1 tankette","800 killed, missing, captured, or wounded 50 tanks 100-110 vehicles",,,Georg-Hans Reinhardt       Friedrich Kirchner,Julian Filipowicz,,"September 1, 1939","Mokra, Kielce Voivodeship, Poland",Polish victory,,,,,,100,Battle of Mokra,German Invasion of Poland,,https://en.wikipedia.org/wiki/Battle_of_Mokra,,,1939-09-01,1939-09-01
1200.0,1500,0,0,0,0,0,0,1800.0,3000,0,72,0,0,0,0,Poland,Germany,,"1,200 killed 1,500 wounded","1,800 killed 3,000 wounded 1,000 missing 72 tanks destroyed",,,Georg von Küchler,Wilhelm Liszka-Lawicz       Emil Krukowicz-Przedrzymirski,,1–3 September 1939,"Near Mława, Warsaw Voivodeship, Poland",German victory,,,,,,100,Battle of Mlawa,German Invasion of Poland,,https://en.wikipedia.org/wiki/Battle_of_Mlawa,,,1939-09-01,1939-09-01
1600.0,750,0,0,0,0,0,0,506.0,743,0,0,0,0,0,0,Poland,Germany,,"1600 killed
 750 wounded
 
Unknown number captured","506 killed 
 
743 wounded",,,Günther von Kluge   Heinz Guderian   Adolf Strauss,Władysław Bortnowski   Stanisław Grzmot-Skotnicki   Józef Werobej   Juliusz Drapella,,1–5 September 1939,"Near Tuchola Forest, Pomeranian Voivodeship, Poland",German victory,,,,,,100,Battle of Tuchola Forest,German Invasion of Poland,,https://en.wikipedia.org/wiki/Battle_of_Tuchola_Forest,,,1939-09-01,1939-09-01
0.0,0,0,3,0,0,0,0,0.0,0,0,70,0,0,0,0,Poland,Germany,,3+ tanks,70+ tanks and AFVs,,,Stanisław Maczek  Jan Wójcik,Eugen Beyer [1],,1–3 September 1939,"Jordanów, Kraków Voivodeship, Poland",Pyrrhic German victory,"5,000 soldiers   58 tanks and AFVs   16 field guns    armoured train  No.51 ""Pierwszy Marszałek"" [2]","3/109 heavy artillery [1]    50,000 soldiers   498 tanks and AFVs   128 field guns [2]",,,,100,Battle of Jordanów,German Invasion of Poland,,https://en.wikipedia.org/wiki/Battle_of_Jordan%C3%B3w,,,1939-09-01,1939-09-01
663.0,0,0,0,0,0,0,0,650.0,540,0,0,0,0,0,0,Poland,Germany,,663 casualties [1],650 killed 540 wounded,,,Erich Hoepner,Ludwik Czyżewski,,2–6 September 1939,"Near Bełchatów, Poland",German victory,XVI Panzer Corps,2nd Legions' Infantry Regiment,,,,100,Battle of Borowa Góra,German Invasion of Poland,,https://en.wikipedia.org/wiki/Battle_of_Borowa_G%C3%B3ra,,,1939-09-01,1939-09-01
0.0,0,40,0,0,0,0,0,0.0,0,0,10,1,0,0,0,Poland,Germany,,"~ 660 
 
40 captured","~ 900
 10 tanks destroyed
 
1 aircraft destroyed",,,Heinz Guderian       Ferdinand Schaal,Władysław Raginis   †     Stanisław Brykalski   †,,"September 7–10, 1939","Wizna, near Łomża, Poland",German victory,"42,200 infantry 350 tanks  657 artillery pieces",350-720 infantry [1] 6  76 mm guns 42 MGs 2  anti-tank rifles,,,,100,Battle of Wizna,German Invasion of Poland,,https://en.wikipedia.org/wiki/Battle_of_Wizna,,,1939-09-01,1939-09-01
60.0,0,0,2,0,0,0,0,60.0,0,0,17,0,2,0,0,Poland,Germany,,2 tanks [1] : 60,"17 Panzers, 2 self propelled guns, 14 armoured cars [1] : 60",,,Edmund Karpow,Erich Hoepner,,4-6 September 1939,"Piotrków Trybunalski, Poland",Polish defensive victory: Polish forces are ordered to withdraw,,,,,,100,Battle of Piotrków Trybunalski,German Invasion of Poland,,https://en.wikipedia.org/wiki/Battle_of_Piotrk%C3%B3w_Trybunalski,,,1939-09-01,1939-09-01
0.0,0,0,0,0,0,1,0,0.0,0,0,0,53,0,2,0,Poland,Germany,,Unknown human losses 1 destroyer sunk 1 minelayer sunk,"Luftwaffe : 46–53 aircraft    Heer : unknown    Kriegsmarine :   2 destroyers damaged,   1  pre-dreadnought  lightly damaged",,,Friedrich-Georg Eberhardt,Józef Unrug   Włodzimierz Steyer   Adam Mohuczy,,9 September – 2 October 1939,"Hel Peninsula, Pomeranian Voivodeship, Poland",German victory,"38,000 infantry [Note 1] 2 pre-dreadnoughts 2 destroyers","2,800 46 guns 1 destroyer 1 minelayer 1  patrol boat",,,,100,Battle of Hel,German Invasion of Poland,,https://en.wikipedia.org/wiki/Battle_of_Hel,,,1939-09-01,1939-10-01
0.0,32000,170000,0,0,0,0,0,8000.0,0,4000,50,0,20,0,0,Poland,Germany,,"18,000 [2] –20,000 [1]  dead 32,000 wounded [2]    170,000 captured [2]","8,000 dead [2]    4,000 captured   50 tanks   100 cars   20 artillery pieces",,,Gerd von Rundstedt [1]       Johannes Blaskowitz       Walther von Reichenau       Günther von Kluge      Wilhelm Ulex      Erich Hoepner,Tadeusz Kutrzeba [1]       Władysław Bortnowski       Edmund Knoll-Kownacki       Mikołaj Bołtuć       Roman Abraham      Leon Strzelecki,,9–19 September[1] 1939,"Near Kutno, Łódź Voivodeship, Poland52°14′00″N 19°22′00″E﻿ / ﻿52.23333°N 19.36667°E﻿ / 52.23333; 19.36667Coordinates: 52°14′00″N 19°22′00″E﻿ / ﻿52.23333°N 19.36667°E﻿ / 52.23333; 19.36667","German victory 

Destruction of Armies Poznań and Pomorze","12 infantry divisions   5 armoured and motorized divisions   425,000 soldiers [1]","8 infantry divisions   2–4 cavalry brigades   225,000 soldiers [1]",,,,100,Battle of the Bzura,German Invasion of Poland,,https://en.wikipedia.org/wiki/Battle_of_the_Bzura,52.23333,19.36667,1939-09-01,1939-09-01
78.0,0,0,0,0,0,0,0,7500.0,13000,0,0,0,0,0,0,Polish Republic,Nazi Germany,,"140,000 killed or captured [1] : 78","7,500 killed 13,000 wounded",,,Johannes Blaskowitz   Georg von Küchler   Werner von Fritsch   †   Walter Petzel,Juliusz Zulauf   Juliusz Rómmel   Marian Porwit   Tadeusz Kutrzeba,,8-28 September 1939,"Warsaw, Poland52°13′48″N 21°00′39″E﻿ / ﻿52.23000°N 21.01083°E﻿ / 52.23000; 21.01083Coordinates: 52°13′48″N 21°00′39″E﻿ / ﻿52.23000°N 21.01083°E﻿ / 52.23000; 21.01083","Decisive German victory

German occupation of Warsaw until 1945.","175,000 soldiers","124,000 soldiers  (excluding volunteers)",,,,100,Siege of Warsaw,German Invasion of Poland,,https://en.wikipedia.org/wiki/Siege_of_Warsaw_(1939),52.23,21.01083,1939-09-01,1939-09-01
0.0,0,0,0,0,0,0,0,4.0,608,0,0,0,0,0,0,Poland,Germany     Soviet Union,,Unknown,"German 1st Mountain Division: 484 killed (including 116 from Gebirgsjäger-Regiment 99.)   918 wounded   608 sick
  Soviet: 24th Armoured Brigade: 4 KIA and 8 WIA on 22 September
 
 Total:  488+ killed   926+ wounded   608+ sick",,,Ferdinand Schörner     Filipp Golikov,Władysław Langner   Franciszek Sikorski,,"September 12–22, 1939","Lwów, Lwów Voivodeship, Poland","German–Soviet victory

Polish handed the city over to the Soviets","German:   1st Mountain Division, 2nd Mountain Division, part of 7th Infantry Division, part of 5th Panzer Division     Soviet:   6th Army",11 infantry battalions   5 batteries of artillery (mainly 75 mm guns)   2 armoured trains   1 cavalry unit   1 engineering platoon and a small number of soldiers who had retreated into the city from elsewhere,,,,100,Battle of Lwów,German Invasion of Poland,,https://en.wikipedia.org/wiki/Battle_of_Lw%C3%B3w_(1939),,,1939-09-01,1939-09-01
870.0,700,0,0,0,0,0,0,929.0,1174,0,36,0,0,0,0,Poland,Germany,,870 killed and 700 injured,"929 killed, 1174 injured and 36 tanks destroyed",,,Leonard Wecker       Wilhelm List       Walther von Reichenau       Ewald von Kleist       Ernst Busch,"First Phase:       Antoni Szylling       Tadeusz Piskor 
 
 Second Phase:       Stefan Dąb-Biernacki       Emil Krukowicz-Przedrzymirski       Władysław Anders      Jan Kruszewski",,"September 17–26, 1939","Near Tomaszów Lubelski, Poland50°27′00″N 23°25′00″E﻿ / ﻿50.45000°N 23.41667°E﻿ / 50.45000; 23.41667Coordinates: 50°27′00″N 23°25′00″E﻿ / ﻿50.45000°N 23.41667°E﻿ / 50.45000; 23.41667",German victory,3 infantry divisions   + 2 panzer divisions,First Phase:    4 infantry divions   1 cavarly divion and 1 mechanized divions,,,,100,Battle of Tomaszów Lubelski,German Invasion of Poland,,https://en.wikipedia.org/wiki/Battle_of_Tomasz%C3%B3w_Lubelski,50.45,23.41667,1939-09-01,1939-09-01
0.0,0,0,0,0,0,0,0,100.0,0,0,0,0,0,0,0,Poland,Germany,,"Unknown, but heavy","Unknown, but heavy,  100 men captured",,,Bohdan Stachlewski       Tadeusz Gerlecki †,Rudolf Koch-Erpach    ( POW ),,23 September 1939,"Krasnobród, Lublin Voivodeship",Polish victory,Nowogrodek Cavalry Brigade   2nd Horse Artillery Division   2nd Horse Rifles Regiment   1st  KOP  Cavalry Regiment,8th Infantry Division   Heavy  East Prussian  cavalry,,,,100,Battle of Krasnobród,German Invasion of Poland,,https://en.wikipedia.org/wiki/Battle_of_Krasnobr%C3%B3d,,,1939-09-01,1939-09-01
300.0,0,17000,0,0,0,0,0,500.0,0,185,0,0,0,0,0,Poland,Germany,,"250–300 casualties 17,000 captured [1]",300–500 casualties 185 captured,,,Franciszek Kleeberg,Gustav Anton von Wietersheim,,2–5 October 1939,"Near Kock, Lublin Voivodeship, Poland",Polish tactical victoryGerman strategic victory,"Independent Operational Group Polesie  (18,000)","XIV Motorised Corps  (30,000)",,,,100,Battle of Kock,German Invasion of Poland,,https://en.wikipedia.org/wiki/Battle_of_Kock_(1939),,,1939-10-01,1939-10-01
0.0,0,0,0,0,0,0,0,0.0,0,0,0,0,0,0,0,Soviet Union,Poland,,,,,Soviet counts:  13 killed   24 wounded   five  BT  tanks destroyed   one  BA-10   armoured car  destroyed   three other AFVs damaged,Mikhail Kovalyov      Pyotr Akhlyustin   Semyon Zybin,Jarosław Okulicz-Kozaryn,,18–19 September 1939,"Wilno, Second Polish Republic54°40′N 25°19′E﻿ / ﻿54.667°N 25.317°E﻿ / 54.667; 25.317Coordinates: 54°40′N 25°19′E﻿ / ﻿54.667°N 25.317°E﻿ / 54.667; 25.317",Soviet victory,Two cavalry divisions   three armoured brigades,"10 infantry battalions   (6,500 men)   18-22 guns (including AA guns)   ~40  MGs",,,,100,Battle of Wilno,Soviet invasion of Poland,,https://en.wikipedia.org/wiki/Battle_of_Wilno_(1939),54.667,25.317,1939-09-01,1939-09-01
57.0,0,0,0,0,0,0,0,644.0,0,1543,0,0,0,0,0,Soviet Union,Poland,,"Soviet counts:   57 KIA   159 WIA   23 AFVs 
 
Polish counts:   800 KIA, MIA and wounded","Soviet counts:   644 KIA   1,543 captured",,,Ivan Boldin       Mikhail Petrov [1],Wacław Przeździecki       Józef Olszyna-Wilczyński       Edmund Heldut-Tarnasiewicz,,20 September 1939 – 24 September 1939(4 days),"Grodno, Poland",Soviet victory,Unknown number of tanks and infantry,"2,000-2,500 (September 20)   3,500-4,000 (September 21)   2 AA guns",,,,100,Battle of Grodno,Soviet invasion of Poland,,https://en.wikipedia.org/wiki/Battle_of_Grodno_(1939),,,1939-09-01,1939-09-01
81.0,184,300,7,0,3,0,0,350.0,900,0,0,0,0,0,0,Soviet Union,Poland,,"Soviet archives:  81 dead   184 wounded   7 tanks (5 T-26, 2 T-38)   2 tractors   3 anti-tank guns  [1]    (Polish accounts:)   ~500 dead   1,600 wounded   300 captured  [2]    Several guns   A few AFVs   Up to 40 tanks [ citation needed ]",~350 dead   900+ wounded   A few trucks [ citation needed ],,,Colonel Iwan Russijanow,Wilhelm Orlik-Rückemann,,28 September 1939,"Szack, Poland (now Ukraine)",Tactical Polish victory,52nd Rifle Division,"4,000 strong  KOP  group including artillery",,,,100,Battle of Szack,Soviet invasion of Poland,,https://en.wikipedia.org/wiki/Battle_of_Szack,,,1939-09-01,1939-09-01
80.0,102,0,4,0,0,0,0,200.0,467,0,0,0,0,0,0,Soviet Union,Poland,,80 killed   102 wounded   4 tanks destroyed,200 killed   467 wounded,,,Col. Vasily Sokolov,Wilhelm Orlik-Rueckemann,,"October 1, 1939","Wytyczno, near Włodawa, Poland",Soviet victory,"1,200 men   200 guns   70 tanks","2,000 men   13 guns",,,,100,Battle of Wytyczno,Soviet invasion of Poland,,https://en.wikipedia.org/wiki/Battle_of_Wytyczno,,,1939-10-01,1939-10-01
750.0,1000,0,0,0,0,0,0,27500.0,0,2100,43,0,29,0,0,Finland,Soviet Union,,"750 killed or missing [1] 1,000 wounded [1]","21,000–27,500 killed or missing [2] 2,100 captured 43 tanks captured 71 field-guns captured 29 anti-tank guns captured 260 trucks captured 1,170 horses captured",,,Hjalmar Siilasvuo,Ivan Dashichev  [ ru ]   Alexei Vinogradov,,7 December 1939-8 January  1940,"Suomussalmi, Finland",Finnish victory,"T3 regiments and separate battalions 11,500","9th Army 
 
 2 divisions 
 1 tank brigade 
45,000–55,000",,,,100,Battle of Suomussalmi,Soviet invasion of Finland,,https://en.wikipedia.org/wiki/Battle_of_Suomussalmi,,,1939-12-01,1940-01-01
0.0,0,0,0,0,0,0,0,0.0,0,0,0,0,0,0,0,Finland,Soviet Union,,"thousands  (killed, wounded, missing)","tens of thousands  (killed, wounded, missing)    large amounts of material  (tanks, guns, aircraft, etc.)",,,Carl Gustaf Emil Mannerheim Harald Öhquist,Semyon Timoshenko,,16–22 December 1939 (First)  1–15 February 1940 (Second),Summa Lahde Sector,"First battle in December: Finnish defensive victorySecond battle in February: Soviet victory, overrunning the Mannerheim Line",Third Division,7th Army 13th Army,,,,100,Battle of Summa,Soviet invasion of Finland,,https://en.wikipedia.org/wiki/Battle_of_Summa,,,1939-12-01,1940-02-01
402.0,0,0,0,0,0,0,0,1001.0,0,1300,0,0,0,0,0,Finland,Soviet Union,,402 killed (according to Finnish estimates) [2],"1001 killed and 2243 missing  (according to Soviet estimates). 7,000–9,000 killed 1,300 captured (according to Finnish estimates).  [3]",,,Hjalmar Siilasvuo,Alexei Vinogradov,,1-7 January 1940,Eastern Finland,Finnish victory,"10,000","13,962–25 000 [1] (Officially)",,,,100,Battle of Raate Road,Soviet invasion of Finland,,https://en.wikipedia.org/wiki/Battle_of_Raate_Road,,,1940-01-01,1940-01-01
1500.0,0,0,0,0,0,0,0,8000.0,0,0,0,0,0,0,0,Finland,Soviet Union,,"1,500 dead or wounded (estimate)","8,000 dead or wounded",,,Woldemar Hägglund Division: Lauri Tiainen (Until 31 January) Antero Svensson (From 1 February),Ivan Khabarov (Until 13 December) Grigori Shtern (From 13 December) Division:  (December) M.S. Yevstigneyev Corps:  (February–March) Dmitri Kozlov V.G. Vorontsov,,"December 7, 1939 to March 13, 1940","Kollaa river, Finland",Finnish victory,1 division and some small units [ citation needed ],"4 divisions, 1 tank brigade [ citation needed ]",,,,100,Battle of Kollaa,Soviet invasion of Finland,,https://en.wikipedia.org/wiki/Battle_of_Kollaa,,,1939-12-01,1940-03-01
89.0,135,16,0,0,0,0,0,181.0,301,72,0,0,0,0,0,Finland,Soviet Union,,"89 dead, 135 wounded, 16 captured","181 dead, 301 wounded, 72 captured",,,Captain   Antti Pennanen,Kirill Meretskov   Valerian Frolov,,30 November 1939 to 12 March 1940,"Petsamo, Finland",Soviet advance,Three companies,Two divisions,,,,100,Battle of Petsamo,Soviet invasion of Finland,,https://en.wikipedia.org/wiki/Battle_of_Petsamo_(1939),,,1939-11-01,1940-03-01
2000.0,0,6800,0,0,0,0,0,429.0,668,0,0,0,0,0,0,Soviet Union,Germany,,"more than 2,000 dead [5] about 6,800 captured [6]","429 dead, 668 wounded [4]",,,Fritz Schlieper,Pyotr Gavrilov   ( POW )   Ivan Zubachyov   ( POW )   Andrej Kižavataŭ   †   Yefim Fomin   [1] [2],,22–29 June 1941,"Brest, Belarusian SSR, Soviet Union (Nominally part of Poland until 1945, from 1945 part of the Soviet Union)",German victory,"about 17,000, 2 Panzer Divisions","over 9,000, 2  T-26  Cavalry Tanks,  BA-20  Bobik [3]",,,,100,Defense of Brest Fortress,Axis invasion of the Soviet Union,June 1941,https://en.wikipedia.org/wiki/Defense_of_Brest_Fortress,,,1941-06-01,1941-06-01
341073.0,76717,0,4799,1669,9427,0,0,12157.0,0,0,101,276,0,0,0,Soviet Union,Germany,,"417,729 men
 
 341,073 killed or captured [4] [1] [5] 
 76,717 wounded [1] [4] 
4,799 tanks destroyed [1] 9,427 guns and mortars lost [4] [1] 1,177–1,669 aircraft destroyed [1] [6]","(Incomplete) 12,157 men [2] 101 tanks destroyed [3] 276 aircraft destroyed",,,Fedor von Bock Hermann Hoth Günther von Kluge Heinz Guderian,Dmitry Pavlov   Vladimir Klimovskikh   Ivan Boldin,,22 June – 9 July 1941,"Byelorussian Soviet Socialist Republic, Soviet Union",Decisive German victory,"750,000 men 1,936 tanks","671,165 men [1] 4,522 tanks 14,171 guns and mortars [1]",,,,100,Battle of Białystok-Minsk,Axis invasion of the Soviet Union,June 1941,https://en.wikipedia.org/wiki/Battle_of_Bia%C5%82ystok-Minsk,,,1941-06-01,1941-07-01
0.0,0,0,0,0,0,0,0,0.0,0,0,0,0,0,0,0,Soviet Union,Germany,,,,,,,,,22 June 1941,"Petsamo, Finland",German victory,,,,"27,500 men [1]",,100,Operation Rentier,Axis invasion of the Soviet Union,,https://en.wikipedia.org/wiki/Operation_Rentier,,,1941-06-01,1941-06-01
75202.0,13284,0,2523,990,0,0,0,0.0,0,0,0,0,0,0,0,Soviet Union,Germany,,"75,202 killed 13,284 wounded 2,523 tanks & SPGs destroyed [2] 990 aircraft destroyed [2] Total : 88,486 casualties [1]",unknown,,,Wilhelm Ritter von Leeb,Fyodor Isodorovich Kuznetsov,,22 June – 9 July 1941,"Baltic Countries, USSR","German victory

Successful German Offensive","655,000 1,389 tanks 7,673 artillery pieces 1,070 aircraft","498,000 [1] 1,393 tanks 5,573 artillery pieces 1,210 aircraft",,,,100,Baltic Operation,Axis invasion of the Soviet Union,,https://en.wikipedia.org/wiki/Baltic_Operation,,,1941-06-01,1941-07-01
0.0,0,0,704,0,0,0,0,0.0,0,0,0,0,0,0,0,Soviet Union,Germany,,704 tanks (crewmen either killed or captured) [3],Unknown,,,Georg-Hans Reinhardt,"Fyodor Kuznetsov 
 Alexey Kurkin 
 Yegor Solyankin   †",,23–27 June 1941,"Raseiniai, Lithuania",German victory,235–245 tanks [1] [2] [f],749 tanks [3],,,,100,Battle of Raseiniai,Axis invasion of the Soviet Union,,https://en.wikipedia.org/wiki/Battle_of_Raseiniai,,,1941-06-01,1941-06-01
0.0,0,0,800,0,0,0,0,0.0,0,0,200,0,0,0,0,Soviet Union,Germany,,Heavy: Forces rendered non-operational   8th Mech. Corps:  ~ 800 tanks lost [3],Only against  8th Mech. Corps :  ~ 200 tanks lost [3],,,Paul Ludwig Ewald von Kleist       Hyazinth Graf Strachwitz,Mikhail Kirponos       Maksim Purkayev      Ivan Muzichenko     Mikhail Potapov,,23–30 June 1941,"Brody, Ukrainian SSR, Soviet Union",German victory,750 tanks [1] [2],"3,500 tanks [1]",,,,100,Battle of Brody (1941),Axis invasion of the Soviet Union,June 1941,https://en.wikipedia.org/wiki/Battle_of_Brody_(1941),,,1941-06-01,1941-06-01
305000.0,190000,64000,0,0,0,0,0,23200.0,60400,3500,0,0,0,0,0,"Soviet Union 
 
   United Kingdom [Note 2]","Finland   Germany 
 
 
   Italy [Note 1]",,"Soviet 
 250,000–305,000 dead or missing [10] [12] [13] 
 575,000 medical casualties (including 385,000 wounded and 190,000 sick) [10] [12] 
 64,000  captured [15] 
 890,000–944,000 total casualties 
 Not including civilian casualties, such as  Siege of Leningrad","Finnish 
 63,200 dead or missing [12] [13] 
 158,000 wounded [12] 
 2,370–3,500  captured [14] 
 225,000 total casualties 
 Not including civilian casualties 
 
 
 German 
 23,200 dead or missing 
 60,400 wounded 
 84,000 total casualties [13] 
 Not including civilian casualties",,,"C.G.E. Mannerheim 
   Erik Heinrichs 
   Aksel Airo 
   Lennart Oesch 
   Nikolaus von Falkenhorst 
   Eduard Dietl 
   Lothar Rendulic","Markian Popov 
  Trifon Shevaldin 
   Leonid Govorov 
   Mikhail Hozin 
   Valerian A. Frolov 
   Kirill Meretskov",,"25 June 1941 – 19 September 1944 (3 years, 2 months, 3 weeks and 4 days)","Finland, Karelia, and Murmansk area","Soviet victory[5][6][7]

Moscow Armistice","450,000–700,000 Finns [Note 3] 67,000–214,000 Germans [Note 4] 2,000  Estonian volunteers 1,000  Swedish volunteers","450,000–650,000 Soviets [Note 5]",,,Concession of Petsamo and lease of Porkkala Peninsula to the Soviet Union,100,Continuation War,Axis invasion of the Soviet Union,,https://en.wikipedia.org/wiki/Continuation_War,,,1941-06-01,1944-09-01
0.0,0,0,0,0,0,0,0,0.0,0,0,0,0,0,0,0,Soviet Union   United Kingdom [note],Germany   Finland,,unknown,"21,501 Germans 5,000 Finns [2]",,,Nikolaus von Falkenhorst   Eduard Dietl   Hans Feige   Hjalmar Siilasvuo,Markian Popov     Valerian Frolov [note]   Roman Panin,,29 June – 17 November 1941,"Arctic, Lapland, Northern Russia68°58′N 33°05′E﻿ / ﻿68.967°N 33.083°E﻿ / 68.967; 33.083Coordinates: 68°58′N 33°05′E﻿ / ﻿68.967°N 33.083°E﻿ / 68.967; 33.083",Soviet victory,,,,,,100,Operation Silver Fox,Axis invasion of the Soviet Union,,https://en.wikipedia.org/wiki/Operation_Silver_Fox,68.967,33.083,1941-06-01,1941-11-01
0.0,0,0,0,0,0,0,0,0.0,0,0,0,0,0,0,0,Soviet Union,Germany   Finland,,Unknown,"10,300 overall [4]",,,Eduard Dietl,Valerian A. Frolov,,29 June – 21 September 1941,"Petsamo, Litsa River, Rybachy Peninsula",Soviet victory,"2nd Mountain Division 3rd Mountain Division 2 additional SS regiments [1] Finnish 14th Infantry Regiment [2] Finnish  Ivalo  Border Guard Battalion 27,500 men (initially) [3]",14th Rifle Division 52nd Rifle Division Polyarny Division [note] Soviet Northern Fleet,,,,100,Operation Platinum Fox,Axis invasion of the Soviet Union,,https://en.wikipedia.org/wiki/Operation_Platinum_Fox,,,1941-06-01,1941-09-01
0.0,0,0,0,0,0,0,0,9463.0,0,0,0,0,0,0,0,Soviet Union,Germany   Finland,,Heavy casualties,"XXXVI Corps: 9,463 men [2]  III Corps: unknown [note]",,,Hans Feige   Hjalmar Siilasvuo,Markian Popov       Valerian A. Frolov   Roman Panin [1],,1 July 1941 – 17 November 1941,"Salla, Kestenga, Alakurtti, Verman River",Stalemate,"XXXVI Corps 
 169th Infantry Division 
 SS-Division  Nord  (mot.) 
 Finnish 6th Division 
 Panzer-Abteilung 211 
   III Corps 
 Finnish 3rd Division 
 Panzer-Abteilung 40","14th Army 
 104th Rifle Division 
 122nd Rifle Division 
 1st Tank Division 
 88th Rifle Division  (reinforcements) 
 Grivnik brigade [1] (reinforcements) 
 1st Polar Rifle Division [note] 
   7th Army 
 54th Rifle Division",,,,100,Operation Arctic Fox,Axis invasion of the Soviet Union,July–November 1941,https://en.wikipedia.org/wiki/Operation_Arctic_Fox,,,1941-07-01,1941-11-01
186144.0,273803,300000,3273,903,0,0,0,29650.0,100327,0,214,0,0,0,0,Soviet Union,Germany,,"759,947 men [5] 
 
 186,144 killed 
 273,803 wounded 
 300,000 captured [7] [8] 
1,348–3,273 tanks and SPGs destroyed [9] [a] 903 aircraft destroyed [10]","135,659 men (21 July – 10 September) [6] 
 
 29,650 killed 
 100,327 wounded 
 5,682 missing 
214 tanks destroyed [4]",,,Fedor von Bock   Maximilian von Weichs   Hermann Hoth   Heinz Guderian,Semyon Timoshenko Fyodor Kuznetsov   Andrei Yeremenko   Ivan Gorbachyov   †,,"8 July – 31 July 1941(German historiography)[1]:267
10 July – 10 September 1941 (Soviet historiography)[2][1]:267","Smolensk (Russian SFSR) and surroundings, Soviet UnionCoordinates: 54°46′58″N 32°02′43″E﻿ / ﻿54.78278°N 32.04528°E﻿ / 54.78278; 32.04528",German victory,"430,000 men 1,000–1,780 tanks [3] [4]    1,500 aircraft [3]","10 July: 581,600 men [5]    1,545 tanks [b]",,,,100,Battle of Smolensk (1941),Axis invasion of the Soviet Union,,https://en.wikipedia.org/wiki/Battle_of_Smolensk_(1941),54.78278,32.04528,1941-07-01,1941-09-01
203000.0,0,100000,317,0,0,0,0,785.0,4610,15458,0,0,0,0,0,Soviet Union,Germany   Romania   Hungary   Slovakia,,"Total: 203,000   Killed or wounded: 100,000  Captured: 103,000  Captured or Destroyed: 317 tanks","Total: 20,853 [a] Killed: 4,610  Wounded: 15,458  Captured or Missing: 785",,,Field Marshal   Gerd von Rundstedt   Colonel General   Carl-Heinrich von Stülpnagel,Marshal   Semyon Budyonny   Colonel General   Mikhail Kirponos   General   Ivan Tyulenev,,15 July–8 August 1941,"Uman, Western Ukraine",Axis victory,"400,000  600 tanks","300,000  317 tanks and 858 guns",,,,100,Battle of Uman,Axis invasion of the Soviet Union,,https://en.wikipedia.org/wiki/Battle_of_Uman,,,1941-07-01,1941-08-01
16578.0,24690,0,0,151,0,1,0,17729.0,63345,0,19,20,90,0,0,Soviet Union,Romania   Germany   Italy   (air support),,"Low estimate:  41,268 overall [3] 16,578 dead/missing 24,690 wounded 1 armored train 151 aircraft High estimate:  60,000 overall [5] Naval losses to Romanian forces: 1 destroyer possibly damaged 1 armed merchantman captured","92,545 overall 17,729 dead 63,345 wounded 11,471 missing 19 tanks 90 artillery pieces 20 aircraft [4]",,,Ion Antonescu   Alexandru Ioaniţiu   †   Nicolae Ciupercă   Iosif Iacobici   Ioan Glogojeanu   † [1]   Nicolae Deleanu   C. D. Nicolescu   Horia Macellariu   Erich von Manstein,Georgiy Sofronov   Ivan Petrov (Late)   Gavriil Zhukov   Filipp Oktyabrskiy,,"8 August – 16 October 1941 (2 months, and 8 days)","Odessa region, Ukrainian SSR, Soviet Union","Axis victory, subsequent 1941 Odessa massacre","160,000 men (initially) [2] 340,223 men (total)","34,500 men (initial) [3] 240 artillery pieces 120,000+ men (total)",,,,100,Siege of Odessa (1941),Axis invasion of the Soviet Union,,https://en.wikipedia.org/wiki/Siege_of_Odessa_(1941),,,1941-08-01,1941-10-01
616304.0,84240,0,411,343,28419,0,0,45654.0,0,0,0,0,0,0,0,Soviet Union,Germany,,"700,544 men [1] [ contradictory ] 
 
 616,304 killed or captured 
 84,240 wounded and sick 
411 tanks and SPGs destroyed [3] 343 aircraft destroyed [3] 28,419 guns and mortars lost [2]","Total: 45,654 men [2]",,,Fedor von Bock   Gerd von Rundstedt   Heinz Guderian,Semyon Budyonny [a]   Semyon Timoshenko   Mikhail Kirponos   †   Mykhailo Burmystenko   †,,23 August – 26 September 1941,"East and South of Kiev, Ukrainian SSR, Soviet Union","Decisive German victory

Encirclement of Soviet troops
Soviet bombings of Kiev as part of scorched earth policy
Massacre of Soviet POWs and civilians at Babi Yar","Army Group South: 500,000 Army Group Centre: unknown","627,000 [1]",,,German occupation of Kiev,100,Battle of Kiev (1941),Axis invasion of the Soviet Union,,https://en.wikipedia.org/wiki/Battle_of_Kiev_(1941),,,1941-08-01,1941-09-01
12000.0,0,0,0,0,0,16,0,0.0,0,0,0,0,0,0,0,Soviet Union,Finland   Germany,,"12,000+ dead (civilian and military) 28 large transports and auxiliary ships 16 warships [1] 6 small transports 34 merchant vessels sunk",Unknown,,,Unknown,Admiral  Vladimir Tributz Marshal  Kliment Voroshilov,,27–31 August 1941,Gulf of Finland,Finnish–German victory,Numerous minefields Numerous bomber aircraft Coastal batteries Numerous torpedo boats,"1 armed cruiser 30,000",,,,100,Evacuation of Tallinn (1941),Axis invasion of the Soviet Union,,https://en.wikipedia.org/wiki/Evacuation_of_Tallinn_(1941),,,1941-08-01,1941-08-01
10701.0,21152,0,0,0,0,0,0,0.0,0,0,0,0,0,0,0,Soviet Union,Germany,,"10,701 killed or missing 21,152 wounded 31,853 overall [1]","23,000 (XX Army Corps for the period from August 8 to Sept 8) [2]",,,Fedor von Bock,Georgy Zhukov   Konstantin Rakutin   †,,"August 30 – September 8, 1941","Yelnya, Soviet Union54°34′N 33°10′E﻿ / ﻿54.567°N 33.167°E﻿ / 54.567; 33.167Coordinates: 54°34′N 33°10′E﻿ / ﻿54.567°N 33.167°E﻿ / 54.567; 33.167",Soviet tactical victory,,"103,200 [1]",,,,100,Yelnya Offensive,Axis invasion of the Soviet Union,,https://en.wikipedia.org/wiki/Yelnya_Offensive,54.567,33.167,1941-09-01,1941-09-01
106332.0,0,0,212,0,772,0,0,2456.0,9699,0,0,0,0,0,0,Soviet Union,Germany   Romania,,"106,332 men captured [2] 212 tanks destroyed or captured [2] 772 guns captured [2]","12,421 men (21 September–10 October) [1] 
 
 2,456 killed 
 9,699 wounded 
 266 missing",,,Gerd von Rundstedt   Erich von Manstein   Ewald von Kleist,Semyon Timoshenko   Dmitry Ryabyshev   Yakov Cherevichenko,,26 September 1941 – 11 October 1941(2 weeks and 1 day),Sea of Azov,Axis victory,,,,,,100,Battle of the Sea of Azov,Axis invasion of the Soviet Union,,https://en.wikipedia.org/wiki/Battle_of_the_Sea_of_Azov,,,1941-09-01,1941-10-01
40085.0,73589,12000,0,0,0,0,0,5893.0,0,0,0,0,0,0,0,Soviet Union,Germany,,"40,085 dead and missing (including 12,000 captured) 73,589 wounded and sick  Total  113,674 [3]","(Only between August 28–September 30) 5,893 dead,  Total  26,000 [1] [2]",,,Erich von Manstein   Georg von Küchler,Kirill Meretskov   Leonid Govorov,,"August 19 – October 10, 1942","Southern shore of Lake Ladoga, near present-day Sinyavino and Saint Petersburg, Russia","Indecisive. Soviet offensive defeated, German offensive cancelled.",18th Army Reinforcements: 11th Army,"2nd Shock Army 8th Army Elements of  Leningrad Front Total 190,000 men",,,,100,Sinyavino Offensive (1942),Siege of Leningrad (1941–1944),,https://en.wikipedia.org/wiki/Sinyavino_Offensive_(1942),,,1942-10-01,1942-10-01
33940.0,71142,0,0,0,0,0,0,12000.0,32570,0,0,0,0,0,0,Soviet Union,Germany,,"33,940 killed 71,142 wounded [4]","12,000 killed 32,570 wounded [3]",,,Georg Lindemann,Kirill Meretskov Leonid Govorov,,12–30 January 1943 (1943-01-12 – 1943-01-30),South of Lake Ladoga,Soviet victory,26 divisions [1] 700 artillery 50 tanks [2],"20 divisions 15 brigades 4,600 artillery 500 tanks 900 aircraft [2]",,,,100,Operation Iskra,Siege of Leningrad (1941–1944),,https://en.wikipedia.org/wiki/Operation_Iskra,,,1943-01-01,1943-01-01
80000.0,0,50000,0,0,0,0,0,0.0,0,0,0,0,0,0,0,Soviet Union,Germany,,"80,000 killed or missing 50,000 captured",unknown,,,Fedor von Bock     Heinz Guderian     Maximilian von Weichs,Andrey Yeryomenko   Semyon Timoshenko   Georgy Zhukov,,30 September–21 October 1941,"Bryansk, Soviet Union",German victory,unknown,Unknown,,,,100,Battle of Bryansk (1941),Axis invasion of the Soviet Union,October 1941,https://en.wikipedia.org/wiki/Battle_of_Bryansk_(1941),,,1941-09-01,1941-10-01
0.0,0,65000,0,0,672,0,0,30000.0,0,0,0,0,0,0,0,Soviet Union,Germany   Romania,,"65,000 captured 212 Vehicles destroyed 672 guns 1 cargo ship sunk","30,000 dead, wounded or missing",,,Erich von Manstein   Wolfram Freiherr von Richthofen   Gheorghe Avramescu   Constantin Costăchescu,Gordey Levchenko   Fyodor Kuznetsov   Ivan Yefimovich Petrov,,18 October–16 November 1941,"Crimea, Soviet Union",Axis victory,,,,,,100,Battle of the Crimea (1941),Axis invasion of the Soviet Union,,https://en.wikipedia.org/wiki/Crimea_Campaign,,,1941-10-01,1941-11-01
0.0,0,0,0,0,0,0,0,0.0,0,0,0,0,0,0,0,Soviet Union,Germany,,"unknown, but [2] probably higher",unknown,,,Erwin Vierow     Anton Dostler,Viktor Tsyganov,,20–24 October 1941,"Kharkov, Ukrainian SSR, Soviet Union",German victory,"Two divisions 1 Sturmgeschütz-Abteilung 10,000–30,000 men (est.) 12  StuG III",One division [1],,,,100,First Battle of Kharkov,Axis invasion of the Soviet Union,,https://en.wikipedia.org/wiki/First_Battle_of_Kharkov,,,1941-10-01,1941-10-01
0.0,0,0,0,0,0,0,0,0.0,0,0,0,0,0,0,0,Soviet Union,Germany,,,,,,Günther von Kluge,Dmitry Lelyushenko,,13 October 1941 – 18 January 1942,"Borodino, Russian SFSR55°30′31″N 35°49′16″E﻿ / ﻿55.50861°N 35.82111°E﻿ / 55.50861; 35.82111Coordinates: 55°30′31″N 35°49′16″E﻿ / ﻿55.50861°N 35.82111°E﻿ / 55.50861; 35.82111",German victory in OctoberSoviet victory in January,2nd SS Division Das Reich 10th Panzer Division 18th Panzer Brigade 19th Panzer Brigade,32nd Rifle Division 82nd Rifle Division 36th Motorcycle Regiment 509th Anti-Tank Regiment,,,,100,Battle at Borodino Field,Axis invasion of the Soviet Union,October 1941 – January 1942,https://en.wikipedia.org/wiki/Battle_at_Borodino_Field,55.50861,35.82111,1941-10-01,1942-01-01
32453.0,9482,0,258,417,1133,0,0,1108.0,5287,0,12,37,9,0,0,Soviet Union,Germany   Romania,,"570,601
 
 
 Breakdown 
 Kerch losses: 
 
 26 December – 2 January: 41,935 men [12] 
 
 32,453 killed or captured 
 9,482 wounded or sick 
 
 1 January 1942 – 30 April 1942: 352,000 men [13] [8] 
 
 
 8 May 1942 – 19 May 1942: 176,566 men [5] 
 
 162,282 killed or captured 
 14,284 wounded or sick 
 258 tanks destroyed 1,133 guns lost 417 aircraft destroyed (315 from Air Force of the Crimean Front) [11]","38,362
 
 
 Breakdown 
 Kerch losses: 
 
 21 December – 31 December: 6,654 men [7] 
 
 1,108 killed 
 5,287 wounded 
 259 missing 
 
 January 1942 – April 1942: 24,120 men [8] 
 
 
 8 May 1942 – 19 May 1942: 7,588 men [9] 
 
 1,703 killed or captured 
 5,885 wounded 
 8–12 tanks destroyed [10] [9] 3 assault guns destroyed [10] 9 artillery pieces destroyed [10] 37 aircraft destroyed [11]",,,Erich von Manstein Wolfram von Richthofen,Dimitri Kozlov   Lev Mekhlis   Filipp Oktyabrsky,,"26 December 1941 – 19 May 1942(4 months, 3 weeks and 2 days)","Crimean Peninsula, Russian SFSR, Soviet Union",Axis victory,"8 May 1942: 232,549 men (2 May) [1] 200 tanks [2] 57 assault guns [3] 800+ aircraft [4] 95,000 men (2 May) [1]","8 May 1942: 249,800 men [5] 238 tanks [6] 404 aircraft (Air Force of the Crimean Front) [4]",,,,100,Battle of the Kerch Peninsula,Siege of Sevastopol (1941–1942),,https://en.wikipedia.org/wiki/Battle_of_the_Kerch_Peninsula,,,1941-12-01,1942-05-01
0.0,0,0,0,0,0,0,0,733.0,3396,0,0,0,0,0,0,Soviet Union,Germany   Romania   Slovak Republic,,"33,000 (17 November–2 December) [1]","4,316 men (11 November–30 November) [2] 
 
 733 killed 
 3,396 wounded 
 187 missing",,,Yakov Cherevichenko,Gerd von Rundstedt Walther von Reichenau Ewald von Kleist,,17 November 1941 – 2 December 1941(2 weeks and 1 day),"Rostov-on-Don region, USSR",Soviet victory,Southern Front,"Army Group South 
 
 1st Panzer Army",,,,100,Battle of Rostov,Axis invasion of the Soviet Union,,https://en.wikipedia.org/wiki/Battle_of_Rostov_(1941),,,1941-11-01,1941-12-01
139586.0,143941,0,0,0,0,0,0,174194.0,0,0,0,0,0,0,0,Soviet Union,Germany,,"Moscow Defense : [12]  (30 September 1941 to 5 November 1942) 
 514,338 killed or missing 
 143,941 wounded 
 
 Moscow Offensive : [12]  (5 December 1941 to 7 January 1942) 
 139,586 killed or missing 
 231,369 wounded 
 
 Total : 1,029,234 (see  § Casualties )","German strategic offensive : (1 October 1941 to 10 January 1942) 
 October: 62,870 
 November: 46,374 
 December: 41,819 
 January: 23.131 
 
 Total : 174,194 KIA, WIA, MIA  (see  §7 ) [11]",,,"Adolf Hitler 
 Fedor von Bock 
 Heinz Guderian 
 Erich Hoepner","Joseph Stalin 
 Georgy Zhukov 
 Aleksandr Vasilevsky 
 Ivan Konev",,2 October 1941 – 7 January 1942(3 months and 5 days),"Moscow Oblast, Russian SFSR, USSR","Soviet victory  

End of Operation Barbarossa
Beginning of Soviet counter-offensives","As of 1 October 1941: 
 1,183,693–1,929,406 men [1] [2] [3] [4] 
 1,000–2,470 tanks and assault guns [5] [6] 
 14,000 guns 
 Initial aircraft: 549 serviceable; [7] [8] [9]  at time of counter offensive: 599 [10]","As of 1 October 1941: 
 1,250,000–1,400,000 men 
 3,232 tanks 
 7,600 guns 
 Initial aircraft: 936 (545 serviceable); [7]  at time of counteroffensive: 1,376 [10]",,,,100,Battle of Moscow,Axis invasion of the Soviet Union,[1],https://en.wikipedia.org/wiki/Battle_of_Moscow,,,1941-10-01,1942-01-01
10400.0,18810,0,0,0,0,0,0,0.0,0,0,0,0,0,0,0,Soviet Union,Germany,,"10,400 killed or missing 18,810 wounded 29,200 overall [2]","Soviet estimate: 12,000 overall [1]",,,Colonel General  Ernst Busch,General  Pavel Kurochkin,,9 January – 6 February 1942,Northwestern Russia,Soviet victory,Unknown,"122,100",,,,100,Toropets-Kholm Operation,Soviet Winter counter-offensive,,https://en.wikipedia.org/wiki/Toropets-Kholm_Operation,,,1942-01-01,1942-02-01
88908.0,156603,0,0,0,0,0,0,11777.0,40000,0,0,265,0,0,0,Soviet Union,Germany,,"88,908 killed & missing 156,603 wounded Total : 245,500 [5]","11,777 killed 40,000 wounded 2,739 missing 265 aircraft destroyed Total : 55,000 [4]",,,Walter von Brockdorff-Ahlefeldt   Walther von Seydlitz-Kurzbach,Pavel Kurochkin,,8 February – 20 May 1942,"Demyansk, Russian SSR, Soviet Union",German defensive victory[1],"100,000  (initially) [2] [3] 31,000  (reinforcements)","400,000  (initially)",,,,100,Demyansk Pocket,Soviet Winter counter-offensive,,https://en.wikipedia.org/wiki/Demyansk_Pocket,,,1942-02-01,1942-05-01
170958.0,106232,0,1250,542,2086,0,0,30000.0,0,0,108,49,0,0,0,Soviet Union,Germany   Romania   Hungary   Italy   Croatia   Slovakia,,"277,190 men
 
 170,958 killed, missing or captured 
 106,232 wounded [4] [9] 
1,250 tanks destroyed [9] 1,648–2,086 guns and howitzers lost [3] 3,278 mortars lost [3] 542 aircraft destroyed [11] 57,000 horses [3]","~20,000–30,000 men [8] [9] [10] [3] 108 tanks destroyed [3] 49 aircraft destroyed [11]   12 airmen killed [11] 98 airmen missing [11]",,,Fedor von Bock   Ewald von Kleist,Semyon Timoshenko   Ivan Bagramyan,,12 May 1942 – 28 May 1942(2 weeks and 2 days),"Izium/Barvenkovo area, Kharkov Oblast, Ukrainian SSR, Soviet Union",Axis victory,"350,000 men 447 tanks [1] 40 assault guns [2] 27 tank destroyers [1] 591 aircraft [3]","12 May: 765,300 men [4] 1,176 tanks 300 self-propelled guns [5] 1,154 guns and howitzers [6] 1,700 mortars [6] 926 aircraft [7]",,,,100,Second Battle of Kharkov,Soviet Winter counter-offensive,,https://en.wikipedia.org/wiki/Second_Battle_of_Kharkov,,,1942-05-01,1942-05-01
290522.0,197825,80000,0,0,0,0,0,19000.0,0,0,0,0,0,0,0,Soviet Union,Germany   Hungary,,"568,347 290,522 killed and 80,000 captured [1] 197,825 wounded [2]","94,500 casualties including 19,000 KIA and MIA [1]",,,Hermann Hoth   Gusztáv Vitéz Jány,Filipp Golikov,,28 June – 24 July 1942,"Voronezh, Soviet Union",Axis victory,"2,500,000","800,000",,,,100,Battle of Voronezh (1942),Case Blue,,https://en.wikipedia.org/wiki/Battle_of_Voronezh_(1942),,,1942-06-01,1942-07-01
478741.0,650878,0,4341,2769,15728,0,0,0.0,0,0,1500,744,5762,0,0,Soviet Union,Germany   Italy   Romania   Hungary   Croatia,,"1,129,619 men 478,741 killed or missing 650,878 wounded or sick [14] 
 2,769 aircraft 4,341 tanks (~150 by Romanians) (25-30% were total write-offs. [15] ) 15,728 guns 
See  casualties section .","647,300–768,374   Germany 300,000+ [8] [9] [10]   Italy 114,000 [11] –114,520 [12]   Romania 109,000 [11] –158,854 [12]   Hungary 105,000 [11] –143,000 [12] Hiwi  19,300–52,000 [13] 
 900 aircraft destroyed 1,500 tanks destroyed (100 Romanian) 6,000 guns destroyed 744 aircraft; 1,666 tanks; 5,762 guns captured 
See  casualties section .",,,Adolf Hitler   Friedrich Paulus     Walter Heitz     Erich von Manstein   W.F. von Richthofen   Italo Gariboldi   Petre Dumitrescu   C. Constantinescu   Gusztáv Jány,Joseph Stalin   Georgy Zhukov   Nikolay Voronov   A.M. Vasilevsky   Andrey Yeryomenko   K.K. Rokossovsky   Nikolai Vatutin   Vasily Chuikov,,"23 August 1942 – 2 February 1943[Note 1](5 months, 1 week and 3 days)","Stalingrad, Russian SFSR, Soviet Union48°42′N 44°31′E﻿ / ﻿48.700°N 44.517°E﻿ / 48.700; 44.517Coordinates: 48°42′N 44°31′E﻿ / ﻿48.700°N 44.517°E﻿ / 48.700; 44.517","Soviet victory[1]

Destruction of the German 6th Army","Initial : 270,000 personnel 3,000 artillery pieces 500 tanks 600 aircraft, 1,600 by mid-September ( Luftflotte 4 ) [Note 5] [2] 
 At the time of the Soviet counter-offensive : c. 1,040,000 men [3] [4] 400,000+ Germans 220,000 Italians 200,000 Hungarians 143,296 Romanians 40,000  Hiwi 10,250 artillery pieces 500 tanks (140 Romanian) 732 (402 operational) aircraft [5] : 225 [6] : 87","Initial : 187,000 personnel 2,200 artillery pieces 400 tanks 300 aircraft [2] : 72 
 At the time of the Soviet counteroffensive : 1,143,000 men [7] 13,451 artillery pieces 894 tanks [7] 1,115 [5] : 224  aircraft",,,"Expulsion of the Axis from the Caucasus, reversing their gains from the 1942 Summer Campaign",100,Battle of Stalingrad,Case Blue,[2],https://en.wikipedia.org/wiki/Battle_of_Stalingrad,48.7,44.517,1942-08-01,1943-02-01
0.0,0,0,0,0,0,0,0,0.0,0,0,0,0,0,0,0,Soviet Union,Germany   Italy   Romania   Hungary,,Unknown,Unknown,,,Joseph Stalin   Semyon Timoshenko       Konstantin Rokossovsky   Aleksandr Vasilevsky   Nikolai Vatutin,Adolf Hitler   Friedrich Paulus   Petre Dumitrescu,,19–23 November 1942,Near Stalingrad (now Volgograd)48°42′N 44°31′E﻿ / ﻿48.700°N 44.517°E﻿ / 48.700; 44.517Coordinates: 48°42′N 44°31′E﻿ / ﻿48.700°N 44.517°E﻿ / 48.700; 44.517,Decisive Soviet victory Encirclement of Axis forces,"1,143,500 personnel (including reserve) [1]    894 tanks [1]  13,451 artillery pieces [1]    1,500 aircraft [2] 
 
and 30,000+ Cossack Cavalry forces.","German : 250,000+ personnel  (6th Army and 4th Panzer Army) unknown number of artillery pieces  732 aircraft (402 serviceable) Italian : 220,000 personnel unknown number of artillery pieces or aircraft [3] Romanian : 143,296 personnel  827 artillery pieces  134 tanks  unknown number of aircraft [3] Hungarian :   200,000 personnel unknown number of artillery pieces or tanks [4] 
 
 Total : 1,040,000 men",,,,100,Operation Uranus,Eastern Front,November 1942,https://en.wikipedia.org/wiki/Operation_Uranus,48.7,44.517,1942-11-01,1942-11-01
100000.0,235000,0,1600,0,0,0,0,40000.0,0,0,0,0,0,0,0,Soviet Union,Germany,,"Isayev : 70,373 irrecoverable 145,301 sanitary [2] Glantz : 100,000 killed  235,000 wounded 1,600 tanks [3]","Grossmann : 40,000 casualties [4]",,,Georgy Zhukov   Ivan Konev   Maksim Purkayev,Walter Model     Günther von Kluge,,25 November – 20 December 1942,"Rzhev and Velikie Luki salients, Russian SFSR",German victory Soviet operational failure,"702,923 personnel, 1,718 tanks [1]","3 combined corps (with 13 infantry divisions and 2 paratrooper divisions) 2 panzer corps (5 panzer divisions, 3 motorized divisions) 1,615 tanks [1] Total forces:  ~ 350,000 troops.",,,,100,Operation Mars,Eastern Front,November – December 1942,https://en.wikipedia.org/wiki/Operation_Mars,,,1942-11-01,1942-12-01
0.0,0,0,190,0,0,0,0,12000.0,0,0,84,300,106,0,0,Soviet Union,Germany   Romania [1]   Italy [2],,Unknown KIA Unknown MIA Unknown WIA up to 190 tanks,"Soviet claims for 12,000 KIA, 5,000 POW, unknown WIA, 84 tanks, 106 guns, 300 aircraft destroyed",,,Hermann Balck,Vasily Badanov,,"December 16–28, 1942","Tatsinskaya, Soviet Union",Soviet strategic victory,,,,,,100,Tatsinskaya Raid,Operation Little Saturn,,https://en.wikipedia.org/wiki/Tatsinskaya_Raid,,,1942-12-01,1942-12-01
0.0,0,0,0,0,0,0,0,0.0,0,0,0,0,0,0,0,Soviet Union,Italy   Hungary,,Unknown,Unknown,,,Giulio Martinat   †   Luigi Reverberi,Fyodor Kuznetsov   Dmitri Lelyushenko,,"January 13–26, 1943 (including prelude)","Nikolayevka, Belgorod Oblast, Russian SFSR, Soviet Union",Axis breakout,"8–9,000 [ citation needed ]","6,000 infantry (plus  Soviet partisans ) [ citation needed ]",,,,100,Battle of Nikolayevka,Operation Little Saturn,,https://en.wikipedia.org/wiki/Battle_of_Nikolayevka,,,1943-01-01,1943-01-01
0.0,0,0,0,0,0,0,0,3700.0,10874,0,0,0,0,0,0,Soviet Union,Germany   Romania   Italy,,Unknown,"From 11 to 31 December 1942 : 15,751 casualties (3,700 killed, 10,874 wounded and 1,086 missing) [5]",,,Andrey Yeryomenko   Rodion Malinovsky   Aleksandr Vasilevsky,Erich von Manstein   Hermann Hoth   Karl-Adolf Hollidt   Petre Dumitrescu   Italo Gariboldi,,12–23 December 1942,Southwest of Stalingrad,"Soviet victory

Axis failure to rescue 6th Army in Stalingrad pocket","150,000 personnel 630 tanks 1,500 artillery guns [1] [2]","est. 50,000 [3]  personnel 250 tanks [4]",,,,100,Operation Winter Storm,Eastern Front,December 1942,https://en.wikipedia.org/wiki/Operation_Winter_Storm,,,1942-12-01,1942-12-01
31674.0,72348,0,0,0,0,0,0,60000.0,0,4500,0,0,0,0,0,Soviet Union,Germany,,"104,022 31,674 killed or missing 72,348 wounded [4]","Soviet estimate: ~60.000 killed, missing or wounded, 4.500 captured [3]",,,Kurt von der Chevallerie,Maksim Purkayev,,19 November 1942 – 16 January 1943,"Velikiye Luki, Russian SFSR, Soviet Union",Soviet victory,"LIX Korps  – ~50,000 (on 19 Nov) Reinforcement forces:  ~50,000 [1]","3rd Shock Army  – 95,608 (on 19 Nov) Reinforcement forces:  86,700 [2]",,,,100,Battle for Velikiye Luki (1943),Eastern Front,,https://en.wikipedia.org/wiki/Battle_for_Velikiye_Luki_(1943),,,1942-11-01,1943-01-01
20000.0,0,0,0,0,0,0,0,3645.0,0,0,0,0,0,0,0,Soviet Union,Germany,,"More than 20,000 killed, wounded and missing","250th: 3,645 killed and wounded 300 missing Other units: uncertain",,,Georg Lindemann Emilio Esteban Infantes,Vladimir Sviridov,,"February 10–13, 1943","Krasny Bor, near present-day Saint Petersburg, Russia",Axis victory,"Initial: 
 
 250th: 5,900 infantry 
 4th SS: uncertain 
 Reinforcements: 
 
 uncertain","Initial: 33,000 infantry 30 tanks 1,000 Artillery pieces and Mortars
 
 Total:  38,000 infantry  90 tanks",,,,100,Battle of Krasny Bor,Operation Polyarnaya Zvezda,,https://en.wikipedia.org/wiki/Battle_of_Krasny_Bor,,,1943-02-01,1943-02-01
33000.0,0,0,0,0,0,0,0,52000.0,0,71000,0,0,0,0,0,Soviet Union,Hungary   Italy,,"33,000 killed or wounded","52,000 killed 71,000 captured",,,Gusztáv Jány   Italo Gariboldi,Filipp Golikov,,13 January 1943[1] – 27 January 1943,"Ostrogozhsk, Rossosh",Soviet victory,"260,000",unknown,,,,100,Ostrogozhsk-Rossosh Operation,Eastern Front,,https://en.wikipedia.org/wiki/Ostrogozhsk-Rossosh_Operation,,,1943-01-01,1943-01-01
13876.0,0,0,0,0,0,0,0,91000.0,0,0,143,0,765,0,0,Soviet Union,Germany   Hungary,,"13,876 KIA. [2]","91,000 KIA/WIA/MIA  143 tanks, 765 artillery pieces, 2,300 trucks [1]",,,Maximilian von Weichs   Hans von Salmuth   Gusztáv Jány,Aleksandr Vasilevsky   Filipp Golikov   Max Reyter,,24 January – 17 February 1943,"Voronezh, Kastornoye, Soviet Union",Soviet victory,"327,900 men, 960 tanks","987,000 men, 2,100 tanks",,,,100,Battle of Voronezh (1943),Eastern Front,,https://en.wikipedia.org/wiki/Battle_of_Voronezh_(1943),,,1943-01-01,1943-02-01
45219.0,41250,0,0,0,0,0,0,4500.0,7000,0,0,0,0,0,0,Soviet Union,Germany,,"45,219 killed or missing 41,250 wounded [1] Total : 86,469 casualties","4,500 killed or missing [3] 7,000 wounded [3] Total : 11,500 casualties",,,Filipp Golikov   Nikolay Vatutin K. Rokossovsky   Vasily Koptsov   †,Erich von Manstein Paul Hausser Hermann Hoth   E. von Mackensen   Theodor Eicke   †,,19 February  – 15 March 1943,"Kharkov, Ukrainian SSR, Soviet Union49°58′0″N 36°19′0″E﻿ / ﻿49.96667°N 36.31667°E﻿ / 49.96667; 36.31667Coordinates: 49°58′0″N 36°19′0″E﻿ / ﻿49.96667°N 36.31667°E﻿ / 49.96667; 36.31667",German victory,"Soviet attack : 560,000 Defence of Kharkov : 346,000 [1]","German counterattack : 70,000 Kharkov offensive : 70,000   [2]",,,,100,Third Battle of Kharkov,Eastern Front,,https://en.wikipedia.org/wiki/Third_Battle_of_Kharkov,49.96667,36.31667,1943-02-01,1943-03-01
5500.0,0,0,400,0,0,0,0,842.0,0,0,80,5,0,0,0,Soviet Union,Germany,,"Soviet (on 12 July): [j] 
 
 300–400 tanks and self-propelled guns destroyed or damaged 
 5,500 men killed, wounded and missing","German (on 12 July): [j] 
 
 43–80 tanks and assault guns destroyed or damaged 
 842 men killed, wounded and missing 
 6 aircraft destroyed 
 5 aircraft damaged",,,"Hermann Hoth 
 Paul Hausser 
 
 Otto Deßloch","Nikolai Vatutin 
 Pavel Rotmistrov 
 Alexei Zhadov 
 
 Stepan Krasovsky 
 Vladimir Sudets",,12 July 1943[a],"Prokhorovka, Russian SFSR, Soviet Union51°2′11″N 36°44′11″E﻿ / ﻿51.03639°N 36.73639°E﻿ / 51.03639; 36.73639Coordinates: 51°2′11″N 36°44′11″E﻿ / ﻿51.03639°N 36.73639°E﻿ / 51.03639; 36.73639","Both sides failed to achieve their objectives:[1][2]

German tactical victory[3][4][5][6]
Soviet operational victory[7][8][9]","German: 
 
 294 tanks and  assault guns [i]","Soviet: 
 
 616 tanks and  self-propelled guns [i]",,,,100,Battle of Prokhorovka,Battle of Kursk,,https://en.wikipedia.org/wiki/Battle_of_Prokhorovka,51.03639,36.73639,1943-07-01,1943-07-01
112529.0,317361,0,2586,1014,892,0,0,14215.0,60939,0,0,218,0,0,0,Soviet Union,Germany,,"429,890 men [7] [8] 
 
 112,529 dead or missing 
 317,361 wounded or sick 
2,586 tanks destroyed [9] 892 guns lost [9] 1,014 aircraft destroyed [9]","86,454 men [4] 
 
 14,215 killed 
 11,300 missing 
 60,939 wounded 
unknown tanks [N 1] unknown guns  218 aircraft [6]",,,Walter Model   Lothar Rendulic   Robert Ritter von Greim,Konstantin Rokossovsky   Hovhannes Bagramyan,,12 July – 18 August 1943(1 month and 6 days),"Orel, Russian SFSR",Soviet victory,"300,700 men  [1]  625 tanks and  assault guns [1]  610 aircraft [1]  5,500 guns [1]","1,286,000 men [2]  2,409 tanks and  assault guns [2]    2,220 [3] –3,023 [2]  aircraft 26,379 guns [2]",,,,100,Operation Kutuzov,Battle of Kursk,,https://en.wikipedia.org/wiki/Operation_Kutuzov,,,1943-07-01,1943-08-01
3000.0,0,0,0,0,0,0,0,1500.0,0,0,0,0,0,0,0,Soviet Union   Poland,Germany,,c. 3000,c. 1500,,,Gottfried Fröhlich,Vasiliy Nikolayevich Gordov   Zygmunt Berling,,"October 12–13, 1943","Lenino, Byelorussian SSR, Soviet Union",Soviet-Polish offensive failureLimited territorial gains for the Soviet-Polish forces,"Army Group Centre 
 
 German 4th Army",33rd Soviet Army Polish 1st Tadeusz Kościuszko Infantry Division,,,,100,Battle of Lenino,Battle of Smolensk (1943),,https://en.wikipedia.org/wiki/Battle_of_Lenino,,,1943-10-01,1943-10-01
0.0,0,0,0,0,0,0,0,0.0,0,0,0,0,0,0,0,Soviet Union,Nazi Germany,,,,,Unknown,Erich von Manstein,Nikolai Vatutin     Ivan Konev,,3 August 1943 – 23 August 1943,Belgorod,Soviet victory,,,,,,100,Battle of Belgorod,Fourth Battle of Kharkov,,https://en.wikipedia.org/wiki/Battle_of_Belgorod,,,1943-08-01,1943-08-01
28141.0,89901,0,271,125,0,0,0,2628.0,13083,0,0,0,0,0,0,Soviet Union   Czechoslovakia,Germany,,"118,042 men [1] 
 
 28,141 killed, missing or captured 
 89,901 wounded or sick 
 271 tanks (3–13 November)
 
125 aircraft (3–13 November)","16,992 men [2] 
 
 2,628 killed 
 13,083 wounded 
 1,281 missing",,,Nikolai Vatutin,Hermann Hoth   Erhard Raus,,3 November 1943 – 13 November 1943(Offensive operation) 13 November 1943 – 22 December 1943(Defensive operation),"Kiev, Soviet Union",Soviet victory,"730,000 men [1] 7,000 guns and mortars 675 tanks and assault guns 700 combat aircraft",Unknown,,,,100,Battle of Kiev (1943),Battle of the Dnieper,,https://en.wikipedia.org/wiki/Battle_of_Kiev_(1943),,,1943-11-01,1943-12-01
24286.0,55902,0,728,0,0,0,0,30000.0,0,18000,156,50,0,0,0,Soviet Union,Germany,,"80,188
 
 24,286 killed or missing 55,902 wounded and sick [13] [14]    728 tanks [15]","Frieser, Zetterling and Frankson : 30,000 killed, missing and wounded [8] 156 tanks [9] 50 aircraft [10] Erickson, Glantz and House : 73,000
 
 55,000 killed and wounded 18,000 prisoners [11] [12]",,,Erich von Manstein Otto Wöhler   Hermann Breith Wilhelm Stemmermann   †,Georgy Zhukov   Nikolai Vatutin   Ivan Konev,,24 January 1944 – 16 February 1944,"Cherkasy / Korsun, USSR",Soviet victory and successful encirclement.[1][2],"60,000 men in pocket  59  tanks  in pocket 242 artillery pieces in pocket [3] 80,000 men (reinforcement) III Panzer Corps (201 tanks) (reinforcement) [4] XLVII Panzer Corps (58 tanks) (reinforcement) [5]","336,700 men [6]  524 tanks (initially) 400 tanks (reinforcement) 1,054 aircraft 5,300 artillery pieces and mortars [7]",,,,100,Korsun Pocket,Dnieper–Carpathian Offensive,,https://en.wikipedia.org/wiki/Battle_of_the_Korsun%E2%80%93Cherkassy_Pocket,,,1944-01-01,1944-02-01
0.0,0,0,0,0,0,0,0,0.0,0,0,0,0,0,0,0,Soviet Union,Germany   Romania,,"121,204 overall [1] [2]","45,000 Germans killed  25,000 Germans captured 130,000 total German casualties excluding Romanians",,,Ivan Konev,Erich von Manstein,,5 March – 17 April 1944,175 km sector of the front between Uman and Kirovograd in western Ukraine,Decisive Soviet victory,"2nd Ukrainian Front 691,000 men 670 tanks and assault guns 8,890 artillery pieces","German 8th Army 400,000 men 450 tanks and assault guns 3,500 artillery pieces",,,,100,Uman-Botoshany Offensive,Dnieper–Carpathian Offensive,,https://en.wikipedia.org/wiki/Uman%E2%80%93Boto%C8%99ani_Offensive,,,1944-03-01,1944-04-01
0.0,0,0,318,0,0,0,0,0.0,0,14549,0,0,0,0,0,Soviet Union,Germany,,318 tanks and assault guns [4],"14,549 captured [1] 
 45,000 overall [2] , excluding the 4th Panzer Army
 
678 operational and non-operational tanks/assault guns captured [3]",,,Erich von Manstein ( Army Group South )   Hans-Valentin Hube ( 1st Panzer Army ),Georgi Zhukov   Nikolai Vatutin ( 1st Ukrainian Front )   Ivan Koniev ( 2nd Ukrainian Front ),,25 March – 8 April 1944,"Kamianets-Podilskyi / Tarnopol, USSR",Strategic Soviet victory,"220,000 men 43 tanks 50 assault guns",Unknown,,,,100,Kamenets-Podolsky pocket,Dnieper–Carpathian Offensive,,https://en.wikipedia.org/wiki/Kamenets-Podolsky_pocket,,,1944-03-01,1944-04-01
76686.0,237267,0,0,0,0,0,0,24739.0,46912,0,0,0,0,0,0,Soviet Union,Germany,,"76,686 dead and missing,  237,267 wounded [4] Total:  313,953 casualties [4]","24,739 dead and missing [3] 46,912 wounded [3]   Total:  71,651 casualties (per German military medical reports) [3]",,,Georg von Küchler (Until February 1)   Walter Model (From February 1),Kirill Meretskov   Leonid Govorov,,"January 14 – March 1, 1944","Southern Leningrad region, Novgorod, Pskov[1] and Narva",Soviet victorySiege of Leningrad lifted,"500,000 men 2,389 artillery pieces 146 tanks 140 aircraft [2]","822,000 men 4,600 artillery pieces 550 tanks 653 aircraft [2]",,,Recapture of the region by Soviet forces,100,Leningrad–Novgorod Offensive,Eastern Front,,https://en.wikipedia.org/wiki/Leningrad%E2%80%93Novgorod_Offensive,,,1944-01-01,1944-03-01
24286.0,55902,0,728,0,0,0,0,30000.0,0,18000,156,50,0,0,0,Soviet Union,Germany,,"80,188
 
 24,286 killed or missing 55,902 wounded and sick [13] [14]    728 tanks [15]","Frieser, Zetterling and Frankson : 30,000 killed, missing and wounded [8] 156 tanks [9] 50 aircraft [10] Erickson, Glantz and House : 73,000
 
 55,000 killed and wounded 18,000 prisoners [11] [12]",,,Erich von Manstein Otto Wöhler   Hermann Breith Wilhelm Stemmermann   †,Georgy Zhukov   Nikolai Vatutin   Ivan Konev,,24 January 1944 – 16 February 1944,"Cherkasy / Korsun, USSR",Soviet victory and successful encirclement.[1][2],"60,000 men in pocket  59  tanks  in pocket 242 artillery pieces in pocket [3] 80,000 men (reinforcement) III Panzer Corps (201 tanks) (reinforcement) [4] XLVII Panzer Corps (58 tanks) (reinforcement) [5]","336,700 men [6]  524 tanks (initially) 400 tanks (reinforcement) 1,054 aircraft 5,300 artillery pieces and mortars [7]",,,,100,Korsun-Cherkassy Pocket,Eastern Front,,https://en.wikipedia.org/wiki/Korsun-Cherkassy_Pocket,,,1944-01-01,1944-02-01
0.0,0,0,0,0,0,0,0,0.0,0,0,0,0,0,0,0,Soviet Union,Germany,,,,,"21,000 all causes 85 artillery [2]",Georg von Küchler,Leonid Govorov,,14–30 January 1944,"Leningrad Oblast, Soviet Union",Soviet victory,One army 110 armoured vehicles,Three armies 681 armoured vehicles  1200 artillery [1],,,,100,Krasnoye Selo–Ropsha Offensive,Battle of Narva (1944),,https://en.wikipedia.org/wiki/Krasnoye_Selo%E2%80%93Ropsha_Offensive,,,1944-01-01,1944-01-01
0.0,0,0,0,0,0,0,0,0.0,0,0,0,0,0,0,0,Soviet Union,Germany,,,,,,Georg Lindemann,Leonid A. Govorov,,1 February—1 March 1944,"Leningrad region, Soviet Union; Narva, Estonia",Soviet victory,"One army: 100,000 personnel 1500 artillery 100 armoured vehicles 400 aircraft [1]",Two armies and the  Baltic Fleet,,,,100,Kingisepp–Gdov Offensive,Battle of Narva (1944),,https://en.wikipedia.org/wiki/Kingisepp%E2%80%93Gdov_Offensive,,,1944-02-01,1944-03-01
0.0,0,0,29,0,0,0,0,200.0,600,0,0,0,0,0,0,Soviet Union,"Germany 
 
 Estonian conscripts",,3000 all causes 17 fighters 29 tanks [3],200 dead 600 wounded [3],,,Felix Steiner,Filip Starikov,,"July 20–25, 1944","Auvere, EstoniaCoordinates: 59°21′02″N 27°55′50″E﻿ / ﻿59.35056°N 27.93056°E﻿ / 59.35056; 27.93056",German defensive victory,"17,100 personnel [1] [2] 4–6 batteries  49 dive bombers [2]","46,385 personnel [1] [2] 30–50 batteries 546 bombers [2]",,,,100,Battle of Auvere,Battle for Narva Bridgehead,,https://en.wikipedia.org/wiki/Battle_of_Auvere,59.35056,27.93056,1944-07-01,1944-07-01
0.0,0,0,0,0,0,0,0,0.0,0,0,0,0,0,0,0,Soviet Union,Germany,,unknown,unknown,,,Johannes Frießner,Leonid A. Govorov,,15 - 28 February 1944,"Narva, Estonia",German defensive victory,"123,541 [1] 100 armoured vehicles 1,500 artillery pieces 400 aircraft [2]","200,000 [3]",,,,100,Narva Offensive (15–28 February 1944),Battle of Narva (1944),,https://en.wikipedia.org/wiki/Narva_Offensive_(15%E2%80%9328_February_1944),,,1944-02-01,1944-02-01
0.0,0,0,0,0,0,0,0,0.0,0,0,0,0,0,0,0,,Soviet Union,,thousands [2] [4],Many more than the Germans [2],,,Johannes Frießner,Leonid A. Govorov,,1–4 March 1944,"Narva, Estonia",German defensive victory,"123,541 [1]","200,000 [2] 100 armoured vehicles [3] 2,500 artillery pieces 800 aircraft [1]",,,,100,Narva Offensive (1–4 March 1944),Battle of Narva (1944),,https://en.wikipedia.org/wiki/Narva_Offensive_(1%E2%80%934_March_1944),,,1944-03-01,1944-03-01
170000.0,135000,0,164,0,0,0,0,10000.0,7500,0,6,0,0,0,0,Soviet Union,Germany,,"Contemporary estimate : 35,000 killed or missing (German claim) 135,000 wounded or sick [8] 157–164 tanks [7] Total : 170,000","Contemporary estimate : 2,500 killed or missing (German claim) 7,500 wounded or sick [8] 6 tanks [7] Total : 10,000",,,Felix Steiner,Leonid Govorov,,25 July-10 August 1944,"Sinimäed Hills, Estonia59°22′32″N 27°51′17″E﻿ / ﻿59.37556°N 27.85472°E﻿ / 59.37556; 27.85472Coordinates: 59°22′32″N 27°51′17″E﻿ / ﻿59.37556°N 27.85472°E﻿ / 59.37556; 27.85472",Tactical German victory,"22,250 [1] 7 tanks [2] [3] 70–80 assault guns [3] 49 aircraft [4] [5]","136,830 troops [6] 150 armoured vehicles [7] 1,680 assault guns [7] 546 aircraft [4] [5]",,,,100,Battle of Tannenberg Line,Narva Offensive (July 1944),,https://en.wikipedia.org/wiki/Battle_of_Tannenberg_Line,59.37556,27.85472,1944-07-01,1944-08-01
0.0,0,0,0,0,0,0,0,0.0,0,0,0,0,0,0,0,Soviet Union,Germany   Romania,,,,,"6,985 killed or missing [1] 
 20,412 sick or wounded [1] 
 Total : 27,397 [1]","Ivan Petrov 
   Lev Vladimirsky",Erwin Jaenecke   Corneliu Teodorini,,November 1943,"Kerch Peninsula, Soviet Union",Axis Defensive VictoryStrategic Soviet Victory,,,,"150,000 men [1]",,100,Kerch-Eltigen Operation,Crimean Offensive (1944),,https://en.wikipedia.org/wiki/Kerch-Eltigen_Operation,,,1943-11-01,1943-11-01
0.0,0,0,0,0,0,0,0,0.0,0,0,0,0,0,0,0,Soviet Union,Germany,,,,,,Georg-Hans Reinhardt ( Third Panzer Army ) Paul Laux  ( Sixteenth Army ),Hovhannes Bagramyan ( 1st Baltic Front ),,"July 5, 1944 – August 29, 1944","Belorussian SSR, Lithuania, and Latvia56°N 24°E﻿ / ﻿56°N 24°E﻿ / 56; 24Coordinates: 56°N 24°E﻿ / ﻿56°N 24°E﻿ / 56; 24",Soviet victory,,,,,,100,Shyaulyay Offensive,Eastern Front,,https://en.wikipedia.org/wiki/Shyaulyay_Offensive,56.0,24.0,1944-07-01,1944-08-01
128.0,0,149,0,5,1,0,0,23.0,68,0,0,0,2,0,0,Soviet Union,Finland   Nazi Germany,,7 patrol boats sunk [Notes 1] 5 aircraft shot down 128 killed 149 captured 200 drowned 1 gunboat damaged 1 minesweeper damaged 11 patrol boats damaged [1],23 killed 68 wounded 2 gunboats damaged 2 minesweepers damaged [1] [2],,,Unknown,Unknown,,8–10 July 1942,Sommers in Gulf of Finland60°12′25″N 27°38′35″E﻿ / ﻿60.207°N 27.643°E﻿ / 60.207; 27.643Coordinates: 60°12′25″N 27°38′35″E﻿ / ﻿60.207°N 27.643°E﻿ / 60.207; 27.643,Finnish victory,,,,unknown,,100,Battle of Someri,Eastern Front,,https://en.wikipedia.org/wiki/Battle_of_Someri,60.207,27.643,1942-07-01,1942-07-01
732.0,0,0,0,0,0,0,0,10008.0,12100,3000,0,0,0,0,0,Soviet Union,Finland   Germany,,"Vyborg Offensive: Leningrad Front (10–20 June) 6,018 KIA & MIA 24,011 WIA & sick. Finnish estimation based on Soviet data and recalculations of losses including reinforcments and all units (Tapio Tiihonen, 2000): 60,000 KIA, WIA, MIA (52,000 losses of units and 8,000 losses of replacements) [2] Svir-Petrozavodsk Offensive:  Karelian Front (21 June – 9 August) 16,924 KIA & MIA 46,679 WIA & sick. [2] Virojoki-Lappeenranta Offensive (Finnish estimate based on Soviet data):  Leningrad Front (21 June – 15 July) 15,000 KIA & MIA 53,000 WIA & sick. Finnish estimation (Tapio Tiihonen, 2000): 129,000 KIA, WIA, MIA (based on recalculation of Soviet data, units, reinforcements. Tiihonen found contradictory information there.)  Total military losses of Soviet offensive in Karelian Isthmus:   (June 9 – July 18): 189,000 KIA, WIA and MIA [4] [5] Baltic Fleet and Lake Ladoga/Lake Onega Detachments  (Whole duration) 732 KIA & MIA 2,011 WIA & sick. [2] [Notes 1] [Notes 2]","Karelian Isthmus:  9,300 deceased 32,400 wounded (Karelian Isthmus June 9 – July 15) 3,000 captured (all fronts) Karelian Front:  3,600 deceased and 12,100 wounded (June 9 – July 15). Based on database of deceased Finnish military persons excluding non-battle deaths.  Total:  12,932 soldiers deceased (June 9 – July 15 in all fronts and all military branches) and 2,786 (July 16 – August 9.)  Deceased soldiers in all fronts  (June 9 – August 9, 1944): 10,008 KIA, 2,870 DIW (died in wounds), 2,802 MIA and confirmed deceased, 39 died in captivity, 726 non-combat deaths. [3]",,,C.G.E. Mannerheim   Karl Lennart Oesch,Leonid Govorov   Kirill Meretskov,,"June 10 – August 9, 1944[1]","Karelo-Finnish SSR, Leningrad Oblast","Initial Soviet tactical victory, ending in stalemate

Moscow armistice","75,000 soldiers (Karelian Isthmus, initially) 268,000 soldiers (after reinforcements both Karelian Isthmus and Karelian Front) 1,930 artillery pieces 110 tanks/assault guns (30–40 modern, StuG III, T-34, KV-1) 248 aircraft (only 50 were modern, Bf 109, Ju 88) [1]","451,500 soldiers (+5 new divisions were sent later to Karelian Isthmus) [2] 10,500 artillery pieces 800 tanks 1,600 aircraft [1]",,,Soviets recapture East Karelia and southern Karelian Isthmus.,100,Vyborg–Petrozavodsk Offensive,Eastern Front,,https://en.wikipedia.org/wiki/Vyborg%E2%80%93Petrozavodsk_Offensive,,,1944-06-01,1944-08-01
11014.0,0,0,318,113,0,0,0,41700.0,0,0,126,0,0,0,0,Soviet Union,Nazi Germany,,11.014 killed  318 tanks destroyed 113 aircraft shot down{{ Citation needed }},"41,700 killed 126 tanks and assault guns destroyed 1.840 armord vehicles 17.800 taken prisoner{{ Citation needed }}",,,Georg-Hans Reinhardt  ( Third Panzer Army ) Kurt von Tippelskirch  ( Fourth Army ),Hovhannes Bagramyan  ( 1st Baltic Front ) Ivan Chernyakhovsky  ( 3rd Belorussian Front ),,23–28 June 1944,Belorussian SSR53°N 23°E﻿ / ﻿53°N 23°E﻿ / 53; 23Coordinates: 53°N 23°E﻿ / ﻿53°N 23°E﻿ / 53; 23,Soviet victory,14 infantry divisions 2 tank divisions (exact number of troops unknown),?,,,,100,Vitebsk–Orsha Offensive,Operation Bagration,,https://en.wikipedia.org/wiki/Vitebsk%E2%80%93Orsha_Offensive,53.0,23.0,1944-06-01,1944-06-01
0.0,0,0,0,0,0,0,0,33000.0,0,0,0,0,0,0,0,Soviet Union,Nazi Germany,,?,"33,000 killed, 3,250 POW (Soviet est) [1]",,,Kurt von Tippelskirch  ( Fourth Army ),Georgiy Zakharov ( 2nd Belorussian Front ),,"June 23, 1944 – June 28, 1944",Belorussian SSR,Soviet Victory,?,?,,,,100,Mogilev Offensive,Operation Bagration,,https://en.wikipedia.org/wiki/Mogilev_Offensive,,,1944-06-01,1944-06-01
0.0,0,0,0,0,0,0,0,0.0,0,0,0,0,0,0,0,Soviet Union,Germany,,?,?,,,Hans Jordan  ( Ninth Army ),Konstantin Rokossovsky ( 1st Belorussian Front ),,23–28 June 1944,Belorussian SSR,Soviet Victory,"90,000",?,,,,100,Bobruysk Offensive,Operation Bagration,June 1944,https://en.wikipedia.org/wiki/Bobruysk_Offensive,,,1944-06-01,1944-06-01
0.0,0,0,0,0,0,0,0,40000.0,0,0,0,0,0,0,0,Soviet Union,Germany,,unknown,"100,000 troops caught in encirclement (40,000 killed or missing, rest either wounded or captured)",,,Walter Model ( Army Group Centre )   Kurt von Tippelskirch   Dietrich von Saucken   Vincenz Müller  (elements of  Fourth Army ),Ivan Chernyakhovsky ( 3rd Belorussian Front )     Konstantin Rokossovsky ( 1st Belorussian Front )     Georgiy Zakharov ( 2nd Belorussian Front )     Hovhannes Bagramyan ( 1st Baltic Front ),,29 June — 4 July 1944,Belorussian SSR,Soviet Victory,unknown,unknown,,,,100,Minsk Offensive,Operation Bagration,,https://en.wikipedia.org/wiki/Minsk_Offensive,,,1944-06-01,1944-07-01
0.0,0,0,0,0,0,0,0,37000.0,0,0,0,0,0,0,0,Soviet Union,Nazi Germany,,?,"37,000 dead, 7,000 POW (Soviet est) [1]",,,Georg-Hans Reinhardt  ( Third Panzer Army ) Rolf Wuthmann  ( IX Corps ),Hovhannes Bagramyan ( 1st Baltic Front ),,"June 29, 1944 – July 4, 1944",Belorussian SSR,Soviet Victory,?,?,,,,100,Polotsk Offensive,Operation Bagration,,https://en.wikipedia.org/wiki/Polotsk_Offensive,,,1944-06-01,1944-07-01
0.0,0,0,0,0,0,0,0,0.0,0,0,0,0,0,0,0,Soviet Union,Germany,,,,,,Georg-Hans Reinhardt ( Third Panzer Army ) Paul Laux  ( Sixteenth Army ),Hovhannes Bagramyan ( 1st Baltic Front ),,"July 5, 1944 – August 29, 1944","Belorussian SSR, Lithuania, and Latvia56°N 24°E﻿ / ﻿56°N 24°E﻿ / 56; 24Coordinates: 56°N 24°E﻿ / ﻿56°N 24°E﻿ / 56; 24",Soviet victory,,,,,,100,Šiauliai Offensive,Operation Bagration,,https://en.wikipedia.org/wiki/%C5%A0iauliai_Offensive,56.0,24.0,1944-07-01,1944-08-01
0.0,0,0,70,0,0,0,0,8000.0,0,5000,0,0,0,0,0,Soviet Union,Germany,Polish  Home Army,"50-70 tanks
 
?","8,000 killed; 5,000 captured in Vilnius alone (Soviet est)",?,,Ivan Chernyakhovsky   Pavel Rotmistrov,Walter Model   Dietrich von Saucken   Rainer Stahel   Theodor Tolsdorff,Aleksander Krzyżanowski   Antoni Olechnowicz,July 1944,Belarus (Minsk Region) and Lithuania (Vilnius Region and Alytus Region)54°40′N 25°15′E﻿ / ﻿54.667°N 25.250°E﻿ / 54.667; 25.250Coordinates: 54°40′N 25°15′E﻿ / ﻿54.667°N 25.250°E﻿ / 54.667; 25.250,Soviet victory,"~100,000","7,700",?,,,100,Vilnius Offensive,Operation Bagration,,https://en.wikipedia.org/wiki/Vilnius_Offensive,54.667,25.25,1944-07-01,1944-07-01
0.0,0,0,0,0,0,0,0,30000.0,0,0,0,0,0,0,0,Soviet Union,Nazi Germany,,?,"30,000 killed, 1,011 POW (Soviet est) [1]",,,Helmuth Weidling  (remnants of  Fourth Army ) Walter Weiß  (elements of  Second Army ),Georgy Zakharov ( 2nd Belorussian Front ),,5–27 July 1944,Poland,Soviet victory,?,?,,,,100,Belostock Offensive,Operation Bagration,July 1944,https://en.wikipedia.org/wiki/Belostock_Offensive,,,1944-07-01,1944-07-01
0.0,0,0,0,0,0,0,0,0.0,0,0,0,0,0,0,0,Soviet Union   Poland,Germany   Romania,,,,,,Josef Harpe  ( Army Group North Ukraine )   Georg Hans Reinhardt  ( Army Group Centre ),Konstantin Rokossovsky  ( 1st Belorussian Front ),,"18 July - 2 August 1944 (primary operation), 30 September 1944 (secondary operation)",Eastern Poland and Western Belarus,Soviet victory,,,,,,100,Lublin–Brest Offensive,Operation Bagration,,https://en.wikipedia.org/wiki/Lublin%E2%80%93Brest_Offensive,,,1944-07-01,1944-09-01
0.0,0,0,0,0,0,0,0,0.0,0,0,0,0,0,0,0,Soviet Union,Germany,,,,,,Walter Model ( Army Group Centre ),Ivan Chernyakhovsky ( 3rd Belorussian Front ),,"July 28 - August 28, 1944","Kaunas area, Lithuania54°55′N 24°00′E﻿ / ﻿54.917°N 24.000°E﻿ / 54.917; 24.000Coordinates: 54°55′N 24°00′E﻿ / ﻿54.917°N 24.000°E﻿ / 54.917; 24.000",Soviet victory,,,,,,100,Kaunas Offensive,Operation Bagration,,https://en.wikipedia.org/wiki/Kaunas_Offensive,54.917,24.0,1944-07-01,1944-08-01
0.0,0,0,0,0,0,0,0,0.0,0,0,0,0,0,0,0,Soviet Union,Nazi Germany,,?,?,,,"Helmuth Weidling , Friedrich Herrlein",Gyorgy Zakharov ( 2nd Belorussian Front ),,"August 6, 1944 – August 14, 1944",Poland,,?,?,,,,100,Osovets Offensive,Operation Bagration,,https://en.wikipedia.org/wiki/Osovets_Offensive,,,1944-08-01,1944-08-01
1458.0,6159,0,600,280,0,0,0,1350.0,6300,0,3,12,0,0,0,Soviet Union,Finland Supported by:   Nazi Germany,,"Finnish estimate: 600 tanks [11] 120–280 aircraft [5] Later Finnish estimate : 21st Army: estimated 4,500–5,500 killed 13,500–14,500 wounded [12] [13] [ verification needed ] 23rd Army: 1,458 killed, 288 missing, 6,159 wounded [14] 27,500 total casualties","Finnish:  c. 8,750 total
 
 1,350 killed [6] 
 1,100 missing [6] 
 6,300 wounded [5] 
 3 tanks destroyed  [10] 
 12 aircraft [10] 
   German: 
 
 33 aircraft [10]",,,Carl Gustaf Emil Mannerheim     Karl Lennart Oesch   Kurt Kuhlmey,Leonid Govorov  Dmitry Gusev   Aleksandr Cherepanov,,"June 25 to July 9, 1944",60°46′N 28°53′E﻿ / ﻿60.767°N 28.883°E﻿ / 60.767; 28.883﻿ (Battle of Tali-Ihantala)Coordinates: 60°46′N 28°53′E﻿ / ﻿60.767°N 28.883°E﻿ / 60.767; 28.883﻿ (Battle of Tali-Ihantala)Karelian Isthmus,Finnish victory[1][2][3],"50,000 [4] [5]  4,000 [6]","150,000 [5] [7] [8] [6] Soviet sources: 148,000–160,000 [9]",,,,100,Battle of Tali-Ihantala,Eastern Front,,https://en.wikipedia.org/wiki/Battle_of_Tali-Ihantala,60.767,28.883,1944-06-01,1944-07-01
0.0,0,0,0,0,0,0,0,0.0,0,0,0,0,0,0,0,Soviet Union,Finland       Nazi Germany,,,,,,Leonid Govorov,Pekka Enkainen   Hero Breusing,,"June 30 – July 10, 1944",Viborg Bay60°35′N 28°30′E﻿ / ﻿60.583°N 28.500°E﻿ / 60.583; 28.500Coordinates: 60°35′N 28°30′E﻿ / ﻿60.583°N 28.500°E﻿ / 60.583; 28.500,"Finnish/German defensive victory[1]

Minor Soviet strategic victory",,,,,Soviets capture the main Viborg Bay islands,100,Battle of the Bay of Viipuri,Eastern Front,June–July 1944,https://en.wikipedia.org/wiki/Battle_of_the_Bay_of_Viipuri,60.583,28.5,1944-06-01,1944-07-01
65001.0,224295,0,1269,289,0,0,0,55000.0,0,0,0,0,0,0,0,"Soviet Union   Poland 
 
 
   Armia Krajowa ( 23-27 July )",Germany   Hungary,,"65,001 killed, missing or captured 224,295 wounded 289,296 overall 1,269 tanks and SP guns  289 aircraft [2]","55,000 killed, missing and captured 136,860 overall [3]",,,Josef Harpe ( Army Group North Ukraine ),Ivan Konev ( 1st Ukrainian Front ),,13 July 1944 – 29 August 1944,Western Ukraine/Eastern Poland,Allied victory,"900,000 men 900 AFVs 6,300 guns [1]","1,002,200 men [2] 1,979 AFVs 11,265 guns",,,,100,Lvov–Sandomierz Offensive,Eastern Front,,https://en.wikipedia.org/wiki/Lvov%E2%80%93Sandomierz_Offensive,,,1944-07-01,1944-08-01
0.0,0,0,0,0,0,0,0,0.0,0,0,0,0,0,0,0,Soviet Union,Nazi Germany,,,,,,Dietrich von Saucken,Alexei Radzievsky,,1–10 August 1944,"near Radzymin, Poland",German victory,XXXIX Panzer Corps,2nd Guards Tank Army,,,,100,Battle of Radzymin (1944),Eastern Front,,https://en.wikipedia.org/wiki/Battle_of_Radzymin_(1944),,,1944-08-01,1944-08-01
5660.0,0,0,0,0,0,0,0,0.0,0,0,0,0,0,0,0,"Polish Underground State     Polish First Army (from 14 September) [1] 
 
 
 Supported by: 
 
   United Kingdom   (4 August – 21 September)   United States (only on 18 September)   South Africa   Soviet Union (from 13 September)",Germany,,"Polish resistance :   15,200 killed and missing [7]   
5,000  WIA [7]    15,000  POW  (Incl. capitulation agreement) [7]   
 
 
 Polish First Army : 5,660 casualties [7] 
 
 Warsaw Airlift : 41 destroyed aircraft (360 aircrew killed)","German forces :  2,000–17,000 [8]  killed and missing   9,000 WIA",,,Tadeusz Bór-Komorowski   ( POW )     Tadeusz Pełczyński   ( POW )     Antoni Chruściel   ( POW )     Karol Ziemski   ( POW )     Edward Pfeiffer   ( POW )     Leopold Okulicki     Jan Mazurkiewicz     Zygmunt Berling,Walter Model       Nikolaus von Vormann       Rainer Stahel       Erich von dem Bach-Zelewski       Heinz Reinefarth       Bronislav Kaminski       Oskar Dirlewanger     Petro Dyachenko     Robert Ritter von Greim,,1 August – 2 October 1944 (63 days),"Warsaw, Poland52°13′48″N 21°00′39″E﻿ / ﻿52.23000°N 21.01083°E﻿ / 52.23000; 21.01083Coordinates: 52°13′48″N 21°00′39″E﻿ / ﻿52.23000°N 21.01083°E﻿ / 52.23000; 21.01083",German victory,"20,000 [3] –49,000 [4] 
 
2,500 equipped with guns (initially)","13,000 [5] –25,000 [6]  (initially)
 
Throughout the course of uprising: ~ 50,000",,,Destruction of the city,100,Warsaw Uprising,Eastern Front,,https://en.wikipedia.org/wiki/Warsaw_Uprising,52.23,21.01083,1944-08-01,1944-10-01
2000.0,0,0,27,0,0,0,0,1000.0,0,0,40,0,26,0,0,Soviet Union     Poland,Germany,,"27 tanks 
 
~2,000 Casualties (Killed, Wounded and Missing)","At least 40 tanks, 26 guns and mortars, 9 APCs  
 
 ~1,000 Casualties (Killed, Wounded and Captured)",,,Gen.Maj.  Schmalz,2nd Lt. Świetana,,"August 9–16, 1944","Studzianki, Poland",Soviet-Polish victory,3 divisions,Polish 1st Armoured Brigade     8th Soviet Army,,,,100,Battle of Studzianki,Eastern Front,,https://en.wikipedia.org/wiki/Battle_of_Studzianki,,,1944-08-09,1944-08-16
0.0,0,0,0,0,0,0,0,0.0,0,0,0,0,0,0,0,Soviet Union,Germany,,,,,,Georg-Hans Reinhardt ( Army Group Centre )   Erhard Raus ( Third Panzer Army ),Ivan Chernyakhovsky ( 3rd Belorussian Front )   Hovhannes Bagramyan ( 1st Baltic Front ),,16 August 1944 – 27 August 1944,Western Latvia55°50′N 23°10′E﻿ / ﻿55.833°N 23.167°E﻿ / 55.833; 23.167Coordinates: 55°50′N 23°10′E﻿ / ﻿55.833°N 23.167°E﻿ / 55.833; 23.167,Inconclusive,,,,,,100,Operation Doppelkopf,Eastern Front,,https://en.wikipedia.org/wiki/Operation_Doppelkopf,55.833,23.167,1944-08-01,1944-08-01
0.0,0,0,0,0,0,0,0,0.0,0,0,0,0,0,0,0,Soviet Union,"Germany 
   Romania",,unknown,unknown [a],,,"Otto Wöhler 
 Hasso von Manteuffel 
   Mihai Racoviţǎ","Ivan Konev 
 Semen Bogdanov 
 F.F. Zhmachenko 
 Sergei Trofimenko",,9–12 April 1944,Eastern Romania,Axis victory[1][2],"1  Panzergrenadier  Division [3] 
 2  Armoured  Divisions [4] 
 3  Infantry  Divisions [5]","14 Rifle Divisions [6] 
 1 Airborne Division [7] 
 elements of a Tank army [4]",,,,100,First Battle of Târgu Frumos,Battle of Târgul Frumos,,https://en.wikipedia.org/wiki/First_Battle_of_T%C3%A2rgu_Frumos,,,1944-04-01,1944-04-01
0.0,0,0,0,0,0,0,0,0.0,0,0,0,0,0,0,0,Soviet Union,Germany   Romania,,unknown,unknown,,,Ferdinand Schoerner   Mihai Racoviță,Ivan Konev,,2–8 May 1944[1],Eastern Romania,Axis victory,,,,,,100,Second Battle of Târgu Frumos,Battle of Târgul Frumos,,https://en.wikipedia.org/wiki/Second_Battle_of_T%C3%A2rgu_Frumos,,,1944-05-01,1944-05-01
12000.0,0,0,0,0,0,0,0,4200.0,5000,0,0,0,0,0,0,"1st Czechoslovak Army in Slovakia 
 
   Slovak Insurgent Air Force 
   Soviet Air Force   US Army Air Force","Germany   Slovak Republic 
 
   POHG",,"12,000 KIA and murdered in reprisals","4200 killed, 5,000 wounded, 300 captives",,,Gottlob Berger   Hermann Höfle   Ferdinand Čatloš,Ján Golian   †   Rudolf Viest   †,,"August 29 – October 28, 1944",Slovakia,"German and collaborator victory 

Continued partisan resistance","40,000, later increased to 83,000","18,000 initially, later increased to 78,000",,,,100,Slovak National Uprising,Eastern Front,,https://en.wikipedia.org/wiki/Slovak_National_Uprising,,,1944-10-01,1944-10-01
10060.0,13548,0,0,0,0,0,0,0.0,0,0,0,0,0,0,0,Soviet Union   Czechoslovakia,Germany   Hungary,,"10,060 killed 41,387 wounded 13,548 sick 1,806 missing [4] (modern Czech estimates) 131,000 [1] (German historian Freiser)","61,000 (Czech estimates) [2] 70,000 (modern Russian estimates) [3]",,,Gotthard Heinrici   Béla Miklós  (8-16 Sept 1944)   Dezső László  (16 Sept-28 Oct 1944),Ivan Konev   Andrei Grechko   Kirill Moskalenko   Ludvík Svoboda,,8 September – 28 October 1944,"Dukla Pass, present-day Slovakia-Poland border","Soviet and Czechoslovak tactical victory

Soviet failure to join Slovak rebel troops
Axis withdrawal from the area","100,000 soldiers 2,000 artillery pieces 350 tanks","378,000 men [1] 16,700 Czechoslovak soldiers 1,517 artillery pieces 1,724 mortars 1,000 tanks",,,,100,Battle of the Dukla Pass,Eastern Front,,https://en.wikipedia.org/wiki/Battle_of_the_Dukla_Pass,,,1944-09-01,1944-10-01
0.0,0,0,0,0,0,0,0,0.0,0,0,0,0,0,0,0,Soviet Union,Germany,,,,,,Ferdinand Schörner,Ivan Bagramyan Andrei Yeremenko   Ivan Maslennikov,,"September 14 - October 24, 1944","Latvia, Estonia",Soviet victory,,,,,,100,Riga Offensive (1944),Baltic Offensive,,https://en.wikipedia.org/wiki/Riga_Offensive_(1944),,,1944-09-01,1944-10-01
1000.0,0,0,0,0,0,0,0,500.0,0,700,0,0,0,0,0,Soviet Union,Estonian conscripts,,"~1,000","500 dead,  700 captured [1]",,,Juhan Vermet,August Feldman,,"September 21, 1944","Porkuni, Viru County, EstoniaCoordinates: 59°10′40″N 26°09′37″E﻿ / ﻿59.17778°N 26.16028°E﻿ / 59.17778; 26.16028",Soviet victory,"1,500","10,000",,,,100,Battle of Porkuni,Tallinn Offensive,,https://en.wikipedia.org/wiki/Battle_of_Porkuni,59.17778,26.16028,1944-09-01,1944-09-01
0.0,0,0,0,0,0,0,0,7000.0,0,700,0,0,0,0,0,Soviet Union   Finland [1],Germany,,unknown,"7,000 killed 700 captured 1,400 horses killed Total : 13,500 casualties",,,Ferdinand Schörner,Leonid Govorov,,"September 29, 1944 – November 24, 1944","West Estonian archipelago (Moonsund archipelago), Estonia",Soviet victory,"18,000",unknown,,,,100,Moonsund Landing Operation,Baltic Offensive,,https://en.wikipedia.org/wiki/Moonsund_Landing_Operation,,,1944-09-01,1944-11-01
0.0,0,0,0,0,0,0,0,0.0,0,0,0,0,0,0,0,Soviet Union,Germany,,,,,,Erhard Raus ( Third Panzer Army ) Hans Gollnick ( XXVIII Corps ),Hovhannes Bagramyan ( 1st Baltic Front ),,5–22 October 1944 (main offensive); 28 January 1945 (end of siege),Klaipėda (Lithuania / East Prussia)55°40′N 21°30′E﻿ / ﻿55.667°N 21.500°E﻿ / 55.667; 21.500Coordinates: 55°40′N 21°30′E﻿ / ﻿55.667°N 21.500°E﻿ / 55.667; 21.500,Soviet victory,,,,,,100,Battle of Memel,Baltic Offensive,,https://en.wikipedia.org/wiki/Battle_of_Memel,55.667,21.5,1944-10-01,1945-01-01
2953.0,14488,0,0,0,0,0,0,0.0,0,0,0,0,0,0,0,Allies :    Soviet Union   Yugoslav Partisans   Bulgaria,"Axis :   Germany 
 
   Government of National Salvation",,"Soviets : 4,350 killed or missing 14,488 wounded or sick 18,838 overall [2] 
 
 Yugoslav Partisans : 2,953 dead (assault on Belgrade only) [3]","45,000 [ citation needed ]",,,Fyodor Tolbukhin   Vladimir Zhdanov   Peko Dapčević   Danilo Lekić   Vladimir Stoychev   Kiril Stanchev,Maximilian von Weichs   Wilhelm Schneckenburger   †   Hans Felber   Alexander Löhr,,28 September 1944 – 20 October 1944[1],"Belgrade, Yugoslavia",Decisive Allied victory,"580,000 troops 3,640 artillery pieces 520 tanks and assault guns 1,420 aircraft 80 ships","150,000 troops (mostly 2nd tier infantry & non-German support troops) 2,100 artillery pieces 125 tanks and assault guns 350 aircraft 70 ships",,,,100,Belgrade Offensive,Eastern Front,,https://en.wikipedia.org/wiki/Belgrade_Offensive,,,1944-09-01,1944-10-01
19713.0,64297,0,500,0,1656,0,0,15000.0,0,0,200,0,490,0,0,Soviet Union   Romania,Germany   Hungary,,"19,713 killed or missing and 64,297 wounded or sick [4]  33,500 killed or wounded [nb 2] Total:  117,360 men (including 5,073 POW) ~500 tanks lost  1,656 guns lost","~15,000 killed or wounded  20,000 killed or wounded Total:  53,000 men  (including ~18,000 POW) ~200 tanks lost  490 guns lost [2] [nb 1] [3]",,,Johannes Friessner ( Army Group South ),Rodion Malinovsky ( 2nd Ukrainian Front ),,6–29 October 1944,"Debrecen / Nyíregyháza, Hungary",Tactical German victoryStrategic Soviet victory,"1 October: [1] 31 divisions and brigades  240,952 men  190,000 men 293 tanks and assault guns 3,500 guns and mortars 741 aircraft","1 October: [1] 84 divisions and brigades  698,200 men  167,306 men 825 tanks and assault guns 10,238 guns and mortars 1,216 aircraft",,,,100,Battle of Debrecen,Eastern Front,,https://en.wikipedia.org/wiki/Battle_of_Debrecen,,,1944-10-01,1944-10-01
0.0,0,0,0,0,0,0,0,0.0,0,0,0,0,0,0,0,Hungary,Nazi Germany   Arrow Cross Party,,,,,,Miklós Horthy Géza Lakatos Lajos Csatay János Vörös Béla Miklós Lajos Veress,Edmund Veesenmayer Otto Skorzeny Ferenc Szálasi Károly Beregfy Iván Hindy,,15–16 October 1944,"Budapest, Kingdom of Hungary",Overthrow of Regent Miklós HorthyPro-Nazi Arrow Cross Party came to powerBeginning of the Holocaust in Hungary,,,,,,100,Operation Panzerfaust,Eastern Front,,https://en.wikipedia.org/wiki/Operation_Panzerfaust,,,1944-10-01,1944-10-01
160948.0,0,0,0,0,0,0,0,117871.0,0,189112,0,0,0,0,0,Soviet Union,Germany,,"2nd Baltic Front only: 16 Feb.–8 May 1945 160,948 men [2] [1]","October 1944–8 May 1945 
117,871 killed, wounded and missing (39,537 in February–March 1945) [1] 
 
189,112 captured on 9 May 1945 [1]",,,Ferdinand Schörner Lothar Rendulic   Heinrich von Vietinghoff Carl Hilpert,Ivan Bagramyan Andrey Yeryomenko   Leonid Govorov,,9 October 1944 – 10 May 1945,"Realm Commissariat Ostland
General district of Latvia
Kreisgebiete Liepaja
Kreise Aizpute
Kreise Kuldiga
Kreise Liepaja
Kreise Liepaja (city)
Kreise Talsi
Kreise Ventspils
Kreisgebiete Jelgava
Kreise Jelgava
Kreise Tukums
General district of Lithuania
Kreisgebiete Siauliai
Kreise Kretinga
Kreise Mazeikiai",Stalemate followed by the unconditional surrender of German forces in Courland on 8 and 9 May 1945.,,,,,,100,Courland Pocket,Eastern Front,,https://en.wikipedia.org/wiki/Courland_Pocket,,,1944-10-01,1945-05-01
16819.0,62708,0,914,0,0,0,0,6801.0,9435,0,115,0,0,0,0,Soviet Union,Germany,,"79,527 men [2] 
 
 16,819 killed or missing 
 62,708 wounded 
914 tanks and assault guns destroyed [2]","16,236 men [2] 
 
 6,801 killed or missing 
 9,435 wounded 
115 tanks and assault guns destroyed [2]",,,Friedrich Hoßbach,Ivan Chernyakhovsky,,"October 16, 1944 – October 27, 1944",East Prussia,German victory,"318 tanks, assault guns and tank destroyers [1]","377,300 men [2]",,,,100,Gumbinnen Operation,Eastern Front,,https://en.wikipedia.org/wiki/Gumbinnen_Operation,,,1944-10-01,1944-10-01
0.0,0,0,0,0,0,0,0,0.0,0,0,0,0,0,0,0,Soviet Union   Poland,Nazi Germany   Hungary,,"10,000 Soviet KIA 700 Polish KIA","6,000 German KIA 100 Hungarian KIA 23,000 POW",,,Mikhail Katukov   Vasily Chuikov,Ernst Mattern   Ernst Gonell  †,,24 January – 23 February 1945,"Poznań and nearby area, Poland",Soviet victory,"100,000 Soviet soldiers 5,000 Polish soldiers","15,700 fortress garrison soldiers 22,600 regular field soldiers 11,600 auxiliary forces 8,000 Volkssturm 1,100 Hungarian soldiers and mobilised Polish citizens 25,000 SS and Police soldiers",,,,100,Battle of Poznań (1945),Vistula–Oder Offensive,,https://en.wikipedia.org/wiki/Battle_of_Pozna%C5%84_(1945),,,1945-01-01,1945-02-01
146780.0,97553,0,2000,0,0,0,0,80000.0,0,50000,605,0,0,0,0,Soviet Union,Nazi Germany,,"146,780 killed, 97,553 sick or wounded, 2000 tanks and sp guns (estimated) [ citation needed ]","80,000 killed 50,000 captured 605 tanks 128 planes (According to Soviet information)  [1]",,,Friedrich Hossbach  ( 4th Army  until January 29)   Friedrich Müller  ( 4th Army  from January 29),Konstantin Rokossovsky ( 2nd Belorussian Front )     Ivan Chernyakhovsky ( 3rd Belorussian Front  until February 18 – KIA that day)    Aleksandr Vasilevsky  ( 3rd Belorussian Front  from February 19),,26 January – 29 March 1945,East Prussia,Soviet victory,"?150,000",?,,,,100,Heiligenbeil Pocket,East Prussian Offensive,,https://en.wikipedia.org/wiki/Heiligenbeil_Pocket,,,1945-01-01,1945-03-01
60000.0,0,0,0,0,0,0,0,50000.0,0,0,0,0,0,0,0,Soviet Union,Germany,,60.000 casualties for the final assault [2],"50,000 casualties 80,000 taken prisoner According to Soviet information, the Germans lost 42,000 soldiers in combat and 92,000 were captured. [3]",,,Otto Lasch   ( POW ),Aleksandr Vasilyevskiy   Konstantin Rokossovskiy,,Late January to 9 April 1945Final assault 6 April – 9 April,"Königsberg, Germany (now: Kaliningrad, Russia)",Soviet victory,"60,000 [1] –130,000, 4,000 artillery guns and mortars, 108 tanks and assault guns, 170 aircraft [2]","137,000 (24,500 participated in active phase with rest supporting), 5,200 artillery guns and mortars, 528 tanks and SPG, 2174 aircraft [2]",,,,100,Battle of Königsberg,East Prussian Offensive,,https://en.wikipedia.org/wiki/Battle_of_K%C3%B6nigsberg,,,1945-01-01,1945-04-01
0.0,0,0,0,0,0,0,0,0.0,0,0,0,0,0,0,0,"2nd Belorussian Front, Soviet Union",9th Army Germany,,,,,,Heinrich Himmler Otto Skorzeny,Konstantin Rokossovsky,,"February 1 – March 3, 1945","Schwedt, Germany",Successful Soviet deception,"Originally a  Kampfgruppe , later XI SS Panzer Corps","Deception by 2nd Guards Tank Army, supported by 61st and 49th Armies",,,,100,Defense of Schwedt Bridgehead,Eastern Front,,https://en.wikipedia.org/wiki/Defense_of_Schwedt_Bridgehead,,,1945-02-01,1945-03-01
13000.0,47000,0,0,0,0,0,0,6000.0,23000,0,0,0,0,0,0,Soviet Union,Germany,,"60,000 
 
 13,000 dead 
 47,000 wounded","29,000 
 
 6,000 dead 
 23,000 wounded 
80,000 civilian deaths",,,"6th Army : 
  Vladimir A. Gluzdovskii","Festung Breslau: 
   Hans von Ahlfen 
   Hermann Niehoff",,"13 February 1945 – 6 May 1945 (2 months, and 24 days)","Breslau, Nazi Germany, now Wrocław, Poland51°07′N 17°02′E﻿ / ﻿51.117°N 17.033°E﻿ / 51.117; 17.033Coordinates: 51°07′N 17°02′E﻿ / ﻿51.117°N 17.033°E﻿ / 51.117; 17.033","Soviet victory

Unconditional surrender of the city Breslau garrison on 6 May, followed by the unconditional surrender of all German forces two days after (see end of World War II in Europe)","87,334","50,000",,,,100,Siege of Breslau,Lower Silesian Offensive,February–May 1945,https://en.wikipedia.org/wiki/Siege_of_Breslau,51.117,17.033,1945-02-01,1945-05-01
0.0,0,0,0,0,0,0,0,0.0,0,0,0,0,0,0,0,Soviet Union,Nazi Germany,,"66,801 (including 15,876 irrecoverable) [1]",unknown,,,Ferdinand Schoerner,Ivan Konev,,15–31 March 1945,"Upper Silesia, Germany",Soviet victory,unknown,"408,400 [1]",,,,100,Upper Silesian Offensive,Silesian Offensives,,https://en.wikipedia.org/wiki/Upper_Silesian_Offensive,,,1945-03-01,1945-03-01
0.0,0,0,0,0,0,0,0,0.0,0,0,0,0,0,0,0,Soviet Union,Germany,,,,,,Walther Wenck Felix Steiner,Georgy Zhukov,,15–18 February 1945,"Stargard, Pomerania, Germany53°12′00″N 15°01′12″E﻿ / ﻿53.20000°N 15.02000°E﻿ / 53.20000; 15.02000Coordinates: 53°12′00″N 15°01′12″E﻿ / ﻿53.20000°N 15.02000°E﻿ / 53.20000; 15.02000","German failure
Soviet offensive on Berlin delayed for two months",7  panzer  and  Panzergrenadier  divisions [1],1st Belorussian Front [1],,,,100,Operation Solstice,Eastern Front,,https://en.wikipedia.org/wiki/Operation_Solstice,53.2,15.02,1945-02-01,1945-02-01
1206.0,0,0,0,0,0,0,0,0.0,0,2000,0,0,0,0,0,Soviet Union   Poland,Germany,,"1,206 killed and missing","KIA: unknown ~2,000 captured",,,Fritz Fullriede,Stanislav Poplavsky,,"March 4–18, 1945","Kolberg, Pomerania, Germany(now Kołobrzeg, Poland)",Soviet and Polish victory,"10,000","28,000+",,,,100,Battle of Kolberg,East Pomeranian Offensive,,https://en.wikipedia.org/wiki/Battle_of_Kolberg_(1945),,,1945-03-01,1945-03-01
2500.0,0,0,0,0,0,0,0,10000.0,0,0,0,0,0,0,0,Bulgaria       Soviet Union   Yugoslavia,Germany,,"2,500","10,000",,,Vladimir Stoychev  Mikhail N. Sharokhin [1]   Kosta Nađ,Maximilian de Angelis   W. von Erdmannsdorff,,6–21 March 1945,Drava river valley and Transdanubian Hills,Allied victory,Bulgarian 1st Army Soviet 57th Army Yugoslav 3rd Army,2nd Panzer Army LXXXXI Corps,,,,100,Battle of the Transdanubian Hills,Operation Spring Awakening,,https://en.wikipedia.org/wiki/Battle_of_the_Transdanubian_Hills,,,1945-03-01,1945-03-01
0.0,0,0,0,0,0,0,0,0.0,0,0,0,0,0,0,0,Bulgaria   Soviet Union   Yugoslav Partisans,Germany   Hungary   Independent State of Croatia,,,,,,Vladimir Stoychev   Mikhail Sharokhin,Otto Wöhler,,26 March – 15 April 1945,Western Hungary,Bulgarian-Soviet victory,"1st Bulgarian Army 
 57th Army 
 6th Guards Rifle Corps 
 64th Rifle Corps 
 133rd Rifle Corps 
 27th Army 
 Yugoslav Partisans","2nd Panzer Army 
 67th Panzer Corps 
 22nd Army Corps 
 Hungarian Units 
 Croatian Units",,,,100,Nagykanizsa–Kermend Offensive,Eastern Front,,https://en.wikipedia.org/wiki/Nagykanizsa%E2%80%93Kermend_Offensive,,,1945-03-01,1945-04-01
38661.0,129279,0,603,0,764,0,0,30000.0,0,125000,1345,0,2250,0,0,Soviet Union   Bulgaria     Austrian Resistance,Germany   Hungary,,"16 March-15 April:  167,940 overall 38,661 killed 129,279 wounded 603 tanks and assault guns lost [3] 764 guns and mortars lost [3] [5] [b]","16 March-15 April:  ~30,000 killed 125,000 captured [2] 1,345 tanks and assault guns lost [3] [a] 2,250 guns and mortars lost [3]",,,Rudolf von Bünau   Wilhelm Bittrich,Fyodor Tolbukhin   Vladimir Stoychev,,2 April – 13 April 1945(1 week and 4 days),"Vienna, Nazi Germany",Soviet and Bulgarian victory,"16 March: [1] 25 divisions 270,000 men 772 tanks and assault guns 957 armored personnel carriers 434 guns","16 March: [1] 77 divisions 1,171,800 men 1,600 tanks and assault guns 5,425 guns",,,,100,Vienna Offensive,Eastern Front,,https://en.wikipedia.org/wiki/Vienna_Offensive,,,1945-04-01,1945-04-01
0.0,0,0,0,0,0,0,0,80000.0,0,0,0,0,0,0,0,Soviet Union,Nazi Germany,,Unknown,"Soviet claim:  80,000 KIA or POW",,,Hans Gollnick ( Army Detachment Samland ) Dietrich von Saucken ( Armee Ostpreußen ),Hovhannes Bagramyan ( Zemland Army Group ),,"April 13, 1945 – April 25, 1945","Sambia, East Prussia (now Kaliningrad Oblast)",Soviet Victory,,,,,,100,Samland Offensive,Eastern Front,,https://en.wikipedia.org/wiki/Samland_Offensive,,,1945-04-01,1945-04-01
6000.0,0,0,0,0,0,0,0,12000.0,0,0,0,0,0,0,0,Soviet Union   Poland,Germany,,"30,000–33,000 killed [1] [2] 
 
Estimate based on Soviet data: 5,000–6,000 killed and missing out of ~20,000 total casualties [3]","12,000  killed [1]",,,Georgy Zhukov Vasily Chuikov,Gotthard Heinrici Ferdinand Schörner,,16–19 April 1945,"Seelow Heights, Province of Brandenburg, Prussia, Germany52°31′47.3″N 14°25′33.9″E﻿ / ﻿52.529806°N 14.426083°E﻿ / 52.529806; 14.426083Coordinates: 52°31′47.3″N 14°25′33.9″E﻿ / ﻿52.529806°N 14.426083°E﻿ / 52.529806; 14.426083","Soviet/Polish victory, Complete encirclement of German capital","1,000,000 men 3,059 tanks 16,934 guns and mortars","112,143 men 587 tanks 2,625 guns",,,,100,Battle of the Seelow Heights,Battle of the Oder-Neisse,,https://en.wikipedia.org/wiki/Battle_of_the_Seelow_Heights,52.529806,14.426083,1945-04-01,1945-04-01
20000.0,0,0,0,0,0,0,0,60000.0,0,120000,0,0,0,0,0,Soviet Union,Germany,,"Less than 20,000 killed [ citation needed ]","Over 35,000 [ citation needed ]  - 60,000 killed and 120,000 captured (25,000 escaped from pocket) 
 10,000 civilians killed",,,Theodor Busse Walther Wenck,Georgy Zhukov Ivan Konev,,"April 24 – May 1, 1945","Halbe, Germany52°6′24″N 13°42′3″E﻿ / ﻿52.10667°N 13.70083°E﻿ / 52.10667; 13.70083Coordinates: 52°6′24″N 13°42′3″E﻿ / ﻿52.10667°N 13.70083°E﻿ / 52.10667; 13.70083",Soviet victory,"80,000
 
 
 79 tanks 
 150 armored vehicles","280,000",,,,100,Battle of Halbe,Battle of Berlin,,https://en.wikipedia.org/wiki/Battle_of_Halbe,52.10667,13.70083,1945-04-01,1945-05-01
4902.0,10532,0,250,0,0,0,0,1598.0,0,0,0,0,0,0,0,Soviet Union   Poland,Nazi Germany,,"Poland: 4,902 killed [3]    2,798 missing [3]    10,532 wounded [3]    250 tanks [3]   Soviet Union: unknown","1,598 killed. [3]",,,Ferdinand Schörner   Wilhelm Schmalz   Hermann von Oppeln-Bronikowski,Ivan Konev  Vladimir Kostylev   Karol Świerczewski,,21–30 April 1945,"Bautzen, Germany and surrounding rural areas",German Victory [1][2],"50,000  300 tanks [3]    600 artillery pieces  497 AFV's","Polish Army: 90,000 [3]    500 tanks [3]    Soviet Army: at least 20,000",,,,100,Battle of Bautzen (1945),Eastern Front,April 1945,https://en.wikipedia.org/wiki/Battle_of_Bautzen_(1945),,,1945-04-01,1945-04-01
300.0,0,0,0,0,0,0,0,0.0,0,860000,0,0,0,0,0,"Allies :   Soviet Union   Czechoslovakia   Romania   Poland 
 
 
   Russian Liberation Army","Axis :   Germany   Hungary [1]   Slovak Republic 
 
   POHG",,"49,348 [5]  1,730 [4]  887 [4]  533 [4] [a] 
 
 
  300","Some 860,000 captured; remainder killed, missing in action, or fled",,,Ferdinand Schörner   Lothar Rendulic,"Ivan Konev   Rodion Malinovsky   Andrey Yeryomenko   Karel Klapálek   Vasile Atanasiu   Nicolae Dăscălescu   Karol Świerczewski 
 
 
   Sergei Bunyachenko",,6–11 May 1945(5 days),"Prague, Czechoslovakia",Decisive Allied victory,"Army Group Centre: 600,000–650,000 [2] Army Group Ostmark: 430,000 [3]  9,370 [1]","1,770,700 [4]  139,500 [4]  69,500 [4]  48,400 [4] 
 
 
  18,000",,,,100,Prague Offensive,Eastern Front,,https://en.wikipedia.org/wiki/Prague_Offensive,,,1945-05-01,1945-05-01
12000.0,0,0,0,0,0,0,0,1750.0,0,0,0,0,0,0,0,Yugoslav Partisans,Independent State of Croatia,,"10,000–12,000","1,750",,,Miloš Zekić Mato Belić [1] Spaso Mičić [2]   †,Petar Rajkovačić [3]   † Ibrahim Pjanić [2] Ivan Čalušić [4] Avdaga Hasić [2],,19 April 1945 – 25 May 1945(1 month and 6 days),"Odžak, Independent State of Croatia (present day Bosnia and Herzegovina)45°00′N 18°16′E﻿ / ﻿45.00°N 18.26°E﻿ / 45.00; 18.26",Partisan pyrrhic victory,"35,000 soldiers","1,800 soldiers [6]",,,,100,Battle of Odzak,Eastern Front,19 April-25 May 1945,https://en.wikipedia.org/wiki/Battle_of_Odzak,45.0,18.26,1945-04-01,1945-05-01
