Belligerents.allies,Belligerents.axis,Casualties and losses.allies,Casualties and losses.axis,Casualties and losses.total,Commanders and leaders.allies,Commanders and leaders.axis,Commanders and leaders.total,Date,Location,Result,Status,Strength.allies,Strength.axis,Territorial,level,name,parent,time,url
France,Germany,"2,000 casualties [1] 4 tanks destroyed",196 killed 356 wounded 114 missing [2] 11 aircraft destroyed [3],,Maurice Gamelin   André-Gaston Prételat,Erwin von Witzleben,,7–16 September 1939 (1939-09-07 – 1939-09-16),"Saarland, GermanyCoordinates: 49°10′N 7°15′E﻿ / ﻿49.167°N 7.250°E﻿ / 49.167; 7.250",French withdrawal,,"40 divisions 400 tanks 4,700 artillery pieces",22 divisions 100 artillery pieces,,100,French offensive into Germany,Western Front,September 1939,https://en.wikipedia.org/wiki/Saar_Offensive
Denmark,Germany,26 killed [6] 23 wounded [6] (includes casualties of the civil air defence) 12 aircraft destroyed 14 aircraft damaged,20 killed & wounded [7] [6] 2 captured 12 armoured cars destroyed or damaged 4 tanks damaged 1 aircraft damaged [7] 1 tugboat sunk [8],,Christian X   William Wain Prior [1],Leonhard Kaupisch [2],,9 April 1940,Denmark,German victory,,"14,500 soldiers (Zealand, Jutland divisions, &  Bornholm  garrison) [3] 4 air force squadrons 2 coastal defence ships 6 torpedo boats 7 submarines 3 minelayers 9 minesweepers 4 inspection ships",Höheres Kommando XXXI : [4] 170th Infantry Division 198th Infantry Division 11th Schützen Brigade 527 aircraft (of the  X. Fliegerkorps ) [5],Occupation of Denmark,100,German Invasion of Denmark,Operation Weserübung,,https://en.wikipedia.org/wiki/German_invasion_of_Denmark_(1940)
Norway,Germany,2 coastal defence ships sunk 343 dead,One cargo ship scuttled (no fatalities),,Per Askim   Odd Isaachsen Willoch   †,Friedrich Bonte     Eduard Dietl,,9 April 1940,"Narvik, Norway",German victory,,2 coastal defence ships,10 destroyers,,100,Battles of Narvik,German invasion of Norway,,https://en.wikipedia.org/wiki/Battles_of_Narvik
Norway,Germany,"No casualties, although most buildings above ground at the Main Battery were burnt to the ground. [8]","1 heavy cruiser sunk 1 heavy cruiser damaged 650–800 dead [9] 50 wounded [7] 1,000 temporarily taken prisoner",,Birger Eriksen   ( POW ),Oskar Kummetz   ( POW ) August Thiele,,9 April 1940,"Drøbak Sound, Norway","Norwegian victory 

German invasion force delayed
Flight of the Storting, Royal Family, and gold reserve",,"Oscarsborg Fortress : 
 Main Battery: 3 × 28 cm   coastal guns 4 × anti-aircraft machine guns [1] Kopås Battery: 3 × 15 cm coastal guns 
 Husvik Battery: 2 × 57 mm mine barrier protection guns 
 Torpedo Battery: 3 × double [2]  land based  underwater  launch tunnels for 45 cm torpedoes [3] 
3 × single [4] [5] [6]  land based  underwater  launch tunnels for 45 cm torpedoes [3] 
 Seiersten Battery: 2 ×  Bofors 40 mm L/60 anti-aircraft guns 3 ×  Colt M/29  7,92 mm anti-aircraft machine guns 
 Håøya Battery: 4 × Colt M/29 7,92 mm anti-aircraft machine guns 
 Nesset Battery: 4 × 57 mm  Cockerill  L/60 guns 
 
 Infantry support: One company of the  Norwegian Royal Guards Total crew: 45 officers 293 NCOs and men, 69 officers and men of the Norwegian Royal Guards [7]",2  heavy cruisers 1  light cruiser 1  torpedo boat 2  minesweepers,,100,Battle of Drøbak Sound,German invasion of Norway,,https://en.wikipedia.org/wiki/Battle_of_Dr%C3%B8bak_Sound
Norway,Germany,20 dead 20 wounded [7],"During the drop: 15 dead, 20 wounded and 14 injured. 7  Junkers Ju 52s  shot down, an eighth Ju 52 landed in Sweden and sank through a frozen lake. During the fighting: 6  killed 6  wounded ca. 150 captured",,14–17 April: Ivar Navelsaker [1] 17–19 April: Arne Sunde [2],Herbert Schmidt   ( POW ) [3],,14–19 April 1940,"Dombås area in Dovre, Gudbrandsdal, Norway","Norwegian tactical victory

German Fallschirmjäger company blocks the north-south and west-east rail and road systems for five days before surrendering",,"14–17 April: •2nd Battalion, Infantry Regiment 11 [3] •No. 1 Company of Infantry Regiment 5 [4] 17–19 April: •1st Battalion, Infantry Regiment 11 •No. 1 Company of Infantry Regiment 5 •Machine gun platoon from  NoAAS  Jagevingen •40 mm anti-aircraft gun [5] 19 April: • Rail mounted   howitzer  manned by  Royal Marines [2]","•4 officers and 181 men of the 1st Company, 1st Regiment of the 7th  Flieger  Division [6]",,100,Battle of Dombås,German invasion of Norway,,https://en.wikipedia.org/wiki/Battle_of_Domb%C3%A5s
United Kingdom   Norway,Nazi Germany,"~1,190 Casualties",Light,,,,Bernard Paget       Harold Morgan [1],19 April – early May 1940,"Åndalsnes and points to the north and east, Norway",German victory,,"British 148th Infantry Brigade  ~1,500 Men","Unknown (Had heavy and light artillery Support), 3 Pz I or II, 1 Pz IV  [1]",,100,Åndalsnes landings,German invasion of Norway,,https://en.wikipedia.org/wiki/%C3%85ndalsnes_landings
Germany,Norway   United Kingdom   France   Poland,"Official German figures: 5,296 (1,317 killed on land 2,375 lost at sea 1,604 wounded) Material losses: 1 heavy cruiser 2 light cruisers 10 destroyers 6 U-boats 2 torpedo boats 15 light naval units 21 transports/merchant ships 90–240 aircraft","Total: 6,602 British: On land: 1,869 killed, wounded & missing At sea: 2,500 lost 1 aircraft carrier 2 cruisers 7 destroyers 1 submarine 112 aircraft French and Polish: 533 killed, wounded & missing 2 destroyers 2 submarines Norwegian: 1,700 total, of whom 860 were killed 107 naval ships sunk or captured 70 merchant ships and transports sunk  (combined Norwegian/Allied total)",,Nikolaus von Falkenhorst,Kristian Laake (9–10 April)   Otto Ruge (from 10 April)   Earl of Cork,,9 April – 10 June 1940 (62 days),Norway,"German victory

Evacuation of the Norwegian government and royal family
Establishment of theNorwegian Armed Forces in exile",,"100,000 7 divisions 1  Fallschirmjäger  battalion","Norway: 55,000 6 divisions Allies: 38,000
 
 Total: 93,000","Occupation of Norway by Nazi Germany
Reichskommissariat Norwegen",3,German invasion of Norway,Operation Weserübung,Battles of Narvik,https://en.wikipedia.org/wiki/Norwegian_Campaign
Germany,"Norway 
   Denmark 
   United Kingdom 
   France 
   Poland","Kriegsmarine : 
 1 heavy cruiser 
 2 light cruisers 
 10 destroyers 
 various U-boats, transports and smaller warships 
 Luftwaffe : 
 1,130 air crew 
 341 killed 
 448 missing [1] 
 Total : 
 5,636 killed or missing 
 341 wounded","Norway : 
 1,335 killed 
 unknown missing 
 Denmark : 
 26 killed 
 23 wounded [2] 
 Allies : 4,765 killed 
 Total : 6,116 killed",,"Nikolaus von Falkenhorst 
   Leonhard Kaupisch 
   Eduard Dietl 
   Erhard Milch 
   Hans Geisler 
   Alfred Saalwächter 
   Robert Ritter von Greim","Kristian Laake 
   Otto Ruge 
   Carl Gustav Fleischer 
   William Wain Prior 
   Adrian Carton de Wiart 
   Bernard Paget 
   Pierse Mackesy",,9 April – 10 June 1940,"Denmark, Norway",German victory,,"9 divisions 
 1 artillery battalion 
 1 motorized rifle brigade 
 Total :  120,000","Norway : 
 6 divisions: ~60,000 
 Denmark : 
 2 divisions: ~14,500 
 Allies : ~35,000 
 Total :  ~109,500",Occupation of Denmark and Norway,1,Operation Weserübung,Western Front,April–June 1940,https://en.wikipedia.org/wiki/Operation_Weser%C3%BCbung
Netherlands,Germany,30 killed 50 wounded,500+ killed & wounded 1 armoured train derailed 1 troop train destroyed,,A. A. van Nijnatten,Gerhard Kauffmann   Friedrich Weber,,10–11 May 1940,"Mill, the Netherlands",German victory,,"2,000 20 field guns 3 anti-tank guns 47 casemates","30,000 15 mortars 2 field guns 3 anti-tank guns 1 armoured train 1 troop train 37 light bombers",,100,Battle of Mill,Battle of the Netherlands,,https://en.wikipedia.org/wiki/Battle_of_Mill
Netherlands,Nazi Germany,515 killed [1],"134–400 killed 700 wounded 1,745 captured 125 aircraft destroyed 47 aircraft damaged [2]",,Henri Winkelman,Hans von Sponeck,,10 May 1940,"The Hague, NetherlandsCoordinates: 52°5′N 4°19′E﻿ / ﻿52.083°N 4.317°E﻿ / 52.083; 4.317",Dutch victory,,"11,100 2 armoured car squadrons 4 bombers 1 destroyer","3,000  Fallschirmjäger",,100,Battle for The Hague,Battle of the Netherlands,,https://en.wikipedia.org/wiki/Battle_for_The_Hague
Netherlands,Germany,185 killed [1] 1 armoured car damaged 3 aircraft destroyed 1 motor torpedo boat damaged,123 killed [1] [2] 5 aircraft destroyed,,Col.  P.W. Scharroo,Gen.  Kurt Student,,10–14 May 1940,"Rotterdam, Netherlands, and the surrounding area51°55′51″N 4°28′45″E﻿ / ﻿51.93083°N 4.47917°E﻿ / 51.93083; 4.47917Coordinates: 51°55′51″N 4°28′45″E﻿ / ﻿51.93083°N 4.47917°E﻿ / 51.93083; 4.47917",German victory,,"7,000 soldiers 12 artillery pieces 6 anti-tank guns 2 armoured cars 1 gunboat 1 motor torpedo boat","1,000 soldiers 12 float planes",,100,Battle of Rotterdam,Battle of the Netherlands,,https://en.wikipedia.org/wiki/Battle_of_Rotterdam
Kingdom of the Netherlands,Nazi Germany,47 killed,186 killed 9 armoured cars destroyed 9 tanks destroyed 10 aircraft shot down,,Henri Winkelman,Fedor von Bock,,10 May 1940,"Maastricht, Netherlands, and the surrounding area",German victory,,750 soldiers 4+ anti-tank guns 4 AA guns,7.  Fliegerdivision 4.  Panzerdivision 343 tanks,,100,Battle of Maastricht,Battle of the Netherlands,,https://en.wikipedia.org/wiki/Battle_of_Maastricht
Netherlands   France   United Kingdom,Nazi Germany,"Dutch : 38 killed 115 wounded 9,847 captured French : 229 killed 700 wounded  3,000 captured 5+ armoured cars destroyed 1+ fighter destroyed British : 6 fighters destroyed",97 killed 300 wounded 3 aircraft destroyed,,Henri Winkelman   Hendrik Jan van der Stad   Henri Giraud,Paul Hausser   Oskar von dem Hagen,,10–18 May 1940,Dutch province of Zeeland,German victory,,"Netherlands : 10,000 soldiers France : 15,000 soldiers Britain : 2 destroyers","7,500 soldiers",,100,Battle of Zeeland,Battle of the Netherlands,,https://en.wikipedia.org/wiki/Battle_of_Zeeland
Netherlands,Germany,417 killed [1],275 killed [1],,Godfried van Voorst tot Voorst (Field Army)  Jacob Harberts (2nd Corps)  Antonie Marinus Michiel van Loon (4th Division),Karl von Tiedemann,,11–13 May 1940,"Rhenen, Netherlands51°57′14″N 5°36′00″E﻿ / ﻿51.954°N 5.600°E﻿ / 51.954; 5.600Coordinates: 51°57′14″N 5°36′00″E﻿ / ﻿51.954°N 5.600°E﻿ / 51.954; 5.600",German victory,,"15,000 [1] 88 field guns 6 anti-tank guns 4 AA guns 5 fighters 4 light bombers","23,000 [1] 58 field guns",,100,Battle of the Grebbeberg,Battle of the Netherlands,,https://en.wikipedia.org/wiki/Battle_of_the_Grebbeberg
Netherlands,Germany,1 killed 2 wounded [2],5 killed 25 wounded 4 aircraft destroyed [2],,Christiaan Boers,Kurt Feldt,,12–14 May 1940 (1940-05-12 – 1940-05-14),"Kornwerderzand, NetherlandsCoordinates: 53°4′27″N 5°20′13″E﻿ / ﻿53.07417°N 5.33694°E﻿ / 53.07417; 5.33694",Dutch victory,,225 men [1] 1 gunboat,500 men 69 aircraft [1],,100,Battle of the Afsluitdijk,Battle of the Netherlands,,https://en.wikipedia.org/wiki/Battle_of_the_Afsluitdijk
Netherlands,Germany,884 civilians killed LVA and MLD virtually destroyed [2],none,,P. W. Scharroo,Albert Kesselring,,14 May 1940,Rotterdam51°57′51.95″N 4°27′4.45″E﻿ / ﻿51.9644306°N 4.4512361°E﻿ / 51.9644306; 4.4512361Coordinates: 51°57′51.95″N 4°27′4.45″E﻿ / ﻿51.9644306°N 4.4512361°E﻿ / 51.9644306; 4.4512361,"The capitulation of the Netherlands

884 civilian dead
Destruction of the city of Rotterdam",,No remaining operational fighter aircraft [1],80 aircraft directly involved 700 involved in concurrent operations,,100,Rotterdam Blitz,Battle of the Netherlands,,https://en.wikipedia.org/wiki/German_bombing_of_Rotterdam
Netherlands   France   United Kingdom,Germany,"2,332 killed [6] 7,000 wounded [6] 216 killed [6]   (France) 43 killed [6]   (Great Britain)","2,032 killed [6] 6,000–7,000 wounded [6] 4 armoured trains destroyed [7] 225–275 aircraft destroyed [6] 1,350 captured  (sent to England) [6]",,Henri Winkelman   Godfried van Voorst tot Voorst   Henri Giraud,Fedor von Bock  (Army Group B)   Hans Graf von Sponeck,,10–14 May 1940  10–17 May 1940 (Zeeland),Netherlands,"German victory

German occupation of the Netherlands
Creation of Reichskommissariat Niederlande
Removal of Dutch military presence in the continental European Theater
The Dutch government goes into exile in the United Kingdom.",,"280,000 men (9 divisions) 700 guns [1] 1 tank 5 tankettes 32 armoured cars [2] 145 aircraft [3]","750,000 men 22 divisions 1,378 guns 759 tanks 830 aircraft [4] 6 armoured trains [5]",,1,Battle of the Netherlands,Western Front,May 1940,https://en.wikipedia.org/wiki/Battle_of_the_Netherlands
Germany,Belgium,44 killed 99 wounded [2] [3] 1 captured [4],"60 killed 1,000+ captured [Notes 1]",,Walter Koch,Jean Jottrand  ( POW ),,10–11 May 1940,"Fort Eben-Emael, on the Dutch-Belgian border, near the Dutch city of Maastricht.50°47′50″N 5°40′51″E﻿ / ﻿50.79722°N 5.68083°E﻿ / 50.79722; 5.68083Coordinates: 50°47′50″N 5°40′51″E﻿ / ﻿50.79722°N 5.68083°E﻿ / 50.79722; 5.68083",German victory,,493 [1],"1,200+ (estimated)",,100,Battle of Fort Eben-Emael,Battle of Belgium,,https://en.wikipedia.org/wiki/Battle_of_Fort_Eben-Emael
France   Belgium   Netherlands [Notes 1],Nazi Germany,105 tanks destroyed/damaged or abandoned [4],60 killed 80 wounded 164 tanks destroyed 30 tanks damaged  [5],,René Prioux   Gabriel Bougrain   Jean-Léon-Albert Langlois,Erich Hoepner   Horst Stumpff   Johann Joachim Stever,,12–14 May 1940,"Hannut, Belgium50°40′00″N 5°05′00″E﻿ / ﻿50.6667°N 5.0833°E﻿ / 50.6667; 5.0833Coordinates: 50°40′00″N 5°05′00″E﻿ / ﻿50.6667°N 5.0833°E﻿ / 50.6667; 5.0833",French Victory,,"2 Armoured Divisions 20,800  600  AFVs   [2] [Notes 2]","2 Panzer Divisions 25,927  618 tanks  (some sources say 674) [3] 108 artillery pieces [2] [Notes 3] 1,252 aircraft",,100,Battle of Hannut,Battle of Belgium,,https://en.wikipedia.org/wiki/Battle_of_Hannut
"France 
 
   French Morocco",Germany,"2,000 killed, wounded & missing III Corps : few hundred casualties [3]",33–37 percent of German tank strength lost 304 killed 413 wounded 29 missing IV Corps :  few hundred casualties. [4],,René Prioux,Erich Hoepner   Viktor von Schwedler,,14–15 May 1940,"Gembloux, Belgium and vicinity50°36′00″N 4°39′58″E﻿ / ﻿50.600°N 4.666°E﻿ / 50.600; 4.666Coordinates: 50°36′00″N 4°39′58″E﻿ / ﻿50.600°N 4.666°E﻿ / 50.600; 4.666",Indecisive[nb 1],,3 motorised divisions 3 infantry divisions,2  panzer  divisions 3 infantry divisions,,100,Battle of Gembloux,Battle of Belgium,,https://en.wikipedia.org/wiki/Battle_of_Gembloux_(1940)
Belgium   France   United Kingdom   Netherlands [note 1],Germany,"222,443+ casualties (200,000  captured ) [note 6] ~900 aircraft [note 7]",Uncertain (see  German casualties ) [note 8],,Leopold III   ( POW )   Hubert Pierlot   Maurice Gamelin   Maxime Weygand   Lord Gort,Gerd von Rundstedt   Fedor von Bock,,10–28 May 1940,Belgium,"German victory

Belgian surrender
Establishment of Belgian government and army in exile",,"134 divisions [note 2] 13,974 guns [note 3] 3,384 tanks [note 4] 2,249 aircraft [note 5]","136 divisions [2] 7,378 guns  [2] 2,445 tanks [2] 5,446 aircraft (4,020 operational) [2]",German occupation of Belgium,1,Battle of Belgium,Western Front,May 1940,https://en.wikipedia.org/wiki/Battle_of_Belgium
Luxembourg   France Supported by :   United Kingdom,Germany,Luxembourg : 7 wounded 76 captured France : 5 killed United Kingdom : 1 killed 2 captured 1 aircraft destroyed,unknown,,Pierre Dupong   Émile Speller   Robert Petiet   Arthur Barratt,Heinz Guderian,,10 May 1940,Luxembourg,German victory,,"Luxembourg : 425 soldiers 246 gendarmes France : 18,000 soldiers United Kingdom : No. 226 Sqdn. RAF","50,000 soldiers 600 tanks",Luxembourg occupied by Nazi Germany,100,German invasion of Luxembourg,Western Front,May 1940,https://en.wikipedia.org/wiki/German_invasion_of_Luxembourg
France     United Kingdom,Germany,manpower losses unknown artillery losses unknown tank losses unknown 167 aircraft [9],120 killed 400 wounded (12–14 May) [10] 647 killed or wounded (15–17 May) [11] at least 81 rubber boats [12],,Maurice Gamelin     Charles Huntziger     Henri Giraud  Pierre Lafontaine   Marcel Têtu  Colonel Poncelet  †   P H L Playfair,Gerd von Rundstedt     Ewald von Kleist   Heinz Guderian   W. von Richthofen   Bruno Loerzer   Heinrich Krampf   Karl Weisenberger   Friedrich Kirchner   Rudolf Veiel   Ferdinand Schaal,,12–15 May 1940,"Sedan and the surrounding area, France49°42′9″N 4°56′33″E﻿ / ﻿49.70250°N 4.94250°E﻿ / 49.70250; 4.94250Coordinates: 49°42′9″N 4°56′33″E﻿ / ﻿49.70250°N 4.94250°E﻿ / 49.70250; 4.94250",Decisive German victory[1][2],,"20,000 men 300 tanks 174 artillery pieces [3] 
152 bombers [4] [5]   
 
250 fighters [4] [5]","60,000 men [6] 41,000 vehicles [7] 771 tanks [8] 1,470 aircraft [3] 141 artillery pieces [3] 96 rubber boats",,100,Battle of Sedan,Battle of France,,https://en.wikipedia.org/wiki/Battle_of_Sedan_(1940)
France,Germany,14 killed 9 missing 6 wounded 23 tanks disabled. destroyed or abandoned,100 killed,,Charles de Gaulle,Heinz Guderian   Wolfram Freiherr von Richthofen,,17 May 1940,"Montcornet, France49°41′47″N 04°01′05″E﻿ / ﻿49.69639°N 4.01806°E﻿ / 49.69639; 4.01806Coordinates: 49°41′47″N 04°01′05″E﻿ / ﻿49.69639°N 4.01806°E﻿ / 49.69639; 4.01806",Tactical German victory,,4e Division cuirassée,1st Panzer Division,,100,Battle of Montcornet,Battle of France,,https://en.wikipedia.org/wiki/Battle_of_Montcornet
United Kingdom   France,Germany,50 tanks destroyed  c.  100  British killed or wounded   200 British captured,"300 killed or wounded, 400 captured  7th Panzer Division lost 32 tanks",,Harold Franklyn,Erwin Rommel,,21 May 1940,"Arras, France50°15′N 2°42′E﻿ / ﻿50.250°N 2.700°E﻿ / 50.250; 2.700Coordinates: 50°15′N 2°42′E﻿ / ﻿50.250°N 2.700°E﻿ / 50.250; 2.700",German victory,,"74 tanks 2,000 infantry","c.  225  tanks 5,000–10,000 infantry",,100,Battle of Arras,Battle of France,,https://en.wikipedia.org/wiki/Battle_of_Arras_(1940)
France   United Kingdom   Belgium,Germany,,,"about 5,000 POW",Pierre Louis Félix Lanquetot   William Fox-Pitt,Heinz Guderian   Rudolf Veiel,,22–25 May 1940,"Boulogne-sur-Mer, France50°43′35″N 1°36′53″E﻿ / ﻿50.72639°N 1.61472°E﻿ / 50.72639; 1.61472Coordinates: 50°43′35″N 1°36′53″E﻿ / ﻿50.72639°N 1.61472°E﻿ / 50.72639; 1.61472",German victory,,"Headquarters, garrison and training units  2 infantry battalions 1,500  Auxiliary Military Pioneer Corps  troops  supporting units  training units",1 panzer division,,100,Battle of Boulogne,Battle of France,,https://en.wikipedia.org/wiki/Battle_of_Boulogne_(1940)
United Kingdom   France   Belgium,Germany,,,"British: 300 killed 200 wounded (evacuated) 3,500 captured French, Belgian and Dutch: 16,000 POW",Claude Nicholson   ( POW )   Charles de Lambertye   †   Raymond Le Tellier   ( POW ),Ferdinand Schaal,,22–26 May 1940,"Calais, France50°57′22″N 1°50′29″E﻿ / ﻿50.95611°N 1.84139°E﻿ / 50.95611; 1.84139Coordinates: 50°57′22″N 1°50′29″E﻿ / ﻿50.95611°N 1.84139°E﻿ / 50.95611; 1.84139",German victory,,"c.  4,000  men 40 tanks",1 panzer division,,100,Siege of Calais,Battle of France,,https://en.wikipedia.org/wiki/Siege_of_Calais_(1940)
France   United Kingdom,Germany,"c.  275  tanks destroyed or captured  c.  1,000  killed or captured",c.  200  killed or captured,,Maxime Weygand   Charles de Gaulle   Victor Fortune,Oskar Blümm   Heinz Guderian,,27 May – 4 June 1940 (8 days),Abbeville50°06′21″N 01°50′09″E﻿ / ﻿50.10583°N 1.83583°E﻿ / 50.10583; 1.83583Coordinates: 50°06′21″N 01°50′09″E﻿ / ﻿50.10583°N 1.83583°E﻿ / 50.10583; 1.83583,German victory,,,,,100,Battle of Abbeville,Battle of France,,https://en.wikipedia.org/wiki/Battle_of_Abbeville
"France 
 
   Morocco 
   Algeria 
   United Kingdom",Germany,,,,Jean-Baptiste Molinié   ( POW )   Gustave Mesny   ( POW ),Fritz Kühne   ( POW )   Erwin Rommel   Joachim Lemelsen   Max von Hartlieb-Walsporn   Ludwig Ritter von Radlmeier,,28–31 May 1940,"Lille, FranceCoordinates: 50°38′0″N 3°4′0″E﻿ / ﻿50.63333°N 3.06667°E﻿ / 50.63333; 3.06667",See Aftermath section,,"elements of 5 divisions  c.  35,000  men [1]","4 infantry divisions 3 armoured divisions  c.  160,000  men [1]",,100,Siege of Lille,Battle of France,,https://en.wikipedia.org/wiki/Siege_of_Lille_(1940)
France,Germany,35 aircraft (31 fighters) 906 casualties 254 dead (166 were servicemen) [2],10 aircraft (four bombers) [2],,Joseph Vuillemin,Hugo Sperrle,,3 June 1940,"France, Paris",Operational failure[1],,120 fighters [2],"1,100 aircraft (460 fighters)",,100,German bombing of Paris,Battle of France,,https://en.wikipedia.org/wiki/Operation_Paula
"United Kingdom 
 
   British India 
   France 
 
   Morocco 
   Polish exiles 
   Belgium   Canada   Netherlands",Germany,"(Estimated total) 61,774 total killed and wounded 
 British  *~3,500 killed during the evacuation   *63,879 vehicles including tanks and motorcycles *2,472 field guns 6 destroyers *23 destroyers damaged [3] *89 transport ships [4] *177 aircraft destroyed or damaged in total [5] *127 belonged to  RAF Fighter Command . [6] 
 French *18,000 killed, 35,000 captured *3 destroyers","(Estimated total) *20,000 killed and wounded *100 tanks *240 aircraft in theatre [7] *156 aircraft on Dunkirk front [8]",,Lord Gort   Maxime Weygand   Georges Blanchard   René Prioux   J. M. Abrial [2],Gerd von Rundstedt   Ewald von Kleist  (Panzergruppe von Kleist),,26 May – 4 June 1940,"Dunkirk, France","German tactical victory

Success of Operation Dynamo
Allies evacuate approx. 85% of stranded troops",,"approx. 400,000  338,226 evacuated","approx. 800,000",Allied forces withdraw to Britain,100,Battle of Dunkirk,Battle of France,,https://en.wikipedia.org/wiki/Battle_of_Dunkirk
France,Germany,250 killed or wounded,"132 killed, and about 300 wounded",,Charles Michon  [ fr ],Kurt Feldt,,18–20 June 1940,"Saumur, Gennes, and Montsoreau47°15′36″N 00°04′37″E﻿ / ﻿47.26000°N 0.07694°E﻿ / 47.26000; 0.07694Coordinates: 47°15′36″N 00°04′37″E﻿ / ﻿47.26000°N 0.07694°E﻿ / 47.26000; 0.07694",German victory,,"560   Students of the Cavalry School   1,600 other elements","c.  10,000     First Cavalry Division",,100,Battle of Saumur,Battle of France,,https://en.wikipedia.org/wiki/Battle_of_Saumur_(1940)
Germany   Italy   (from 10 June),France   Belgium   United Kingdom   Netherlands   Poland   Canada   Czechoslovakia   Luxembourg,"Germany :  27,074 dead [e] 111,034 wounded 18,384 missing [4] [5] [6] 1,129 aircrew killed [7] (c. 27,000 dead) 1,236 aircraft lost [4] [8] 795–822 [9]  tanks destroyed [f] 157,621 total casualties   Italy : 6,029–6,040 [g] 
 
 Total:  163,676 casualties","360,000 dead or wounded, 1,900,000 captured 2,233 aircraft lost [14] 1,749 French tanks destroyed [h] 689 British tanks lost [i] 
 
 Total:  2,260,000 casualties",,Walther von Brauchitsch   Gerd von Rundstedt     Fedor von Bock     Wilhelm von Leeb     Albert Kesselring     Hugo Sperrle     Umberto di Savoia,Maurice Gamelin [a]   Alphonse Georges [a]   Maxime Weygand [b]   Leopold III   ( POW )   Lord Gort   Henri Winkelman   ( POW ),,10 May – 25 June 1940 (46 days),"Low Countries, France",Axis victory,,"Germany : 141 divisions [1] 7,378 guns [1] 2,445 tanks [1] 5,638 aircraft [2] [c] 3,350,000 troops Alps on 20 June 300,000 Italians","Allies : 144 divisions 13,974 guns 3,383–4,071 French tanks [1] [3] <2,935 aircraft [2] [d] 3,300,000 troops  Alps on 20 June ~150,000 French",Parts of France placed under German and Italian military occupation,1,Battle of France,Western Front,May – June 1940,https://en.wikipedia.org/wiki/Battle_of_France
France   United Kingdom,Italy,~40 killed ~50–120 wounded ~150 prisoners ~100–150 missing 1 destroyer damaged 1 sloop damaged,"~640 killed 2,631 wounded 2,151 frostbite victims 616 missing 1 submarine destroyed",,René Olry,Umberto di Savoia,,10–25 June 1940,Franco-Italian border,See Aftermath section,,"~180,000 total (85,000 at the front)","300,000 total",Italian occupied zone,100,Italian invasion of France,Western Front,June 1940,https://en.wikipedia.org/wiki/Italian_invasion_of_France
"United Kingdom 
 
 Foreign volunteers 
 Naval support :   Netherlands   Norway   Canada   Poland   Belgium",Nazi Germany,RAF : 115  fighters  destroyed 42 fighters damaged 71 pilots  killed in action 19 pilots wounded in action 4 pilots  missing in action Royal Navy : 35 merchant ships sunk (including neutral ships) 7 fishing vessels several naval vessels 4 destroyers at least 176 sailors killed ~300 casualties,Luftwaffe : 80  fighters  destroyed 36 fighter aircraft damaged 22  Dive bombers  destroyed 22 dive bombers damaged 100  medium bombers  destroyed 33 medium bombers damaged 13 naval aircraft destroyed 1 naval aircraft damaged 201 airmen killed 75 airmen wounded 277 missing 16 airmen  captured Kriegsmarine : ~4,,Hugh Dowding   Keith Park   T. Leigh-Mallory,Hermann Göring   Robert von Greim   Albert Kesselring   Hugo Sperrle   Wolfram von Richthofen   Alfred Saalwächter,,4 July – 11 August 1940,Southern England and the English Channel50°N 02°W﻿ / ﻿50°N 2°W﻿ / 50; -2Coordinates: 50°N 02°W﻿ / ﻿50°N 2°W﻿ / 50; -2,German victory[1],,,,,100,Kanalkampf,Battle of Britain,,https://en.wikipedia.org/wiki/Kanalkampf
United Kingdom,Nazi Germany,Fighter Command :  13 fighters (air) [3] 1 fighter (ground) [2] 3  fighter pilots  killed [2] RAF Bomber Command : 11 bombers (air) [2] 24 aircrew killed [2] 9 captured [4] Other: 47 miscellaneous aircraft (ground) [2] c. several hundred civilians [5],47 [3] [6] –48 [7]  aircraft destroyed (air) 39 severely damaged [7] circa  200 killed or captured including: 44 killed  23 wounded  at least 45 missing [8],,Hugh Dowding Keith Park Charles Portal,Hermann Göring Albert Kesselring Hugo Sperrle Robert Ritter von Greim Joseph Schmid,,13 August 1940[1],England and English Channel,British victory[2],,,,,100,Adlertag,Battle of Britain,,https://en.wikipedia.org/wiki/Adlertag
United Kingdom,Germany,27 [2] –34 fighters destroyed [3] 39 fighters damaged [3] 29 aircraft destroyed (ground) [3] including only eight fighters [4] 23 aircraft damaged (ground) [3] 10 killed [5] 8 lightly wounded [5] 11 severely wounded [5],69 [3] –71 [2]  aircraft destroyed 31 aircraft damaged [3] 94 killed [6] 40 captured [6] 25 wounded [6],,Hugh Dowding   Keith Park   Trafford Leigh-Mallory,Hermann Göring   Albert Kesselring   Hugo Sperrle   Robert von Greim,,18 August 1940,Southern England and English Channel,InconclusiveCasualty rates in the British favourUnsustainable attrition for both sides[Notes 1],,,,,100,The Hardest Day,Battle of Britain,,https://en.wikipedia.org/wiki/The_Hardest_Day
United Kingdom,Germany,29 aircraft destroyed [5] ~ 21 damaged [6]  14 [7] –16 killed [5] 14 wounded [7] 1 captured [7],57 [8] –61 [5]  aircraft destroyed  20 severely damaged [9] 63– [10]  81 killed [7] 63 [7] –65 captured [10] 30 [10] –31 wounded [7] 21 missing [10],,Hugh Dowding   Keith Park,Hermann Göring   Albert Kesselring   Robert Ritter von Greim,,15 September 1940,"London, England and English Channel",British victory[1][2],,"50,000 observers [3] 630  fighter aircraft [4]","1,120 aircraft (620 fighters and 500 bombers) [4]",,100,Battle of Britain Day,Battle of Britain,,https://en.wikipedia.org/wiki/Battle_of_Britain_Day
United Kingdom,Germany,none,1 wounded   of 4 taken prisoner,,Captain  John Cantopher,Unteroffizier  Fritz Ruhlandt,,27 September 1940,"Graveney Marsh, Kent, England51°20′38.18″N 00°57′31.99″E﻿ / ﻿51.3439389°N 0.9588861°E﻿ / 51.3439389; 0.9588861Coordinates: 51°20′38.18″N 00°57′31.99″E﻿ / ﻿51.3439389°N 0.9588861°E﻿ / 51.3439389; 0.9588861",,one Junkers Ju 88 captured intact,1 Company,4 crew aircraft machine guns,,100,Battle of Graveney Marsh,Battle of Britain,,https://en.wikipedia.org/wiki/Battle_of_Graveney_Marsh
United Kingdom   Canada [nb 1] [nb 2],Germany   Italy,"1,542 aircrew killed [11] 422 aircrew wounded [12]    1,744 aircraft destroyed [nb 8] 
 
 
14,286 civilians killed, 20,325 injured [14]","2,585 aircrew killed and missing, 925 captured, 735 wounded [15]    1,977 aircraft destroyed, 1,634 in combat and 343 non-combat [16]",,Hugh Dowding   Keith Park   T. Leigh-Mallory   Quintin Brand   Richard Saul   L. Samuel Breadner,Hermann Göring   Albert Kesselring   Hugo Sperrle   Hans-Jürgen Stumpff   Robert Ritter von Greim   Rino Corso Fougier [5],,10 July – 31 October 1940[nb 3](3 months and 3 weeks),British airspace,British victory[3][nb 4],,"1,963 serviceable aircraft  [nb 5]","2,550 serviceable aircraft  [nb 6] [nb 7]",,1,Battle of Britain,Western Front,July – October 1940,https://en.wikipedia.org/wiki/Battle_of_Britain
United Kingdom,Germany,"~40,000 [1] –43,000 civilians dead, [2]  between ~46,000 and 139,000 injured [2]","Unknown 3,363 aircrew 2,265 aircraft (Summer 1940 – May 1941) [3]",,"Winston Churchill 
   Hugh Dowding 
   Frederick Pile 
   Owen Tudor Boyd 
   Sir Leslie Gossage","Adolf Hitler 
   Hermann Göring 
   Hugo Sperrle 
   Albert Kesselring 
   Hans Jeschonnek 
   Robert von Greim",,"7 September 1940 – 11 May 1941 (1940-09-07 – 1941-05-11)(8 months, 5 days)",United Kingdom51°30′N 0°07′W﻿ / ﻿51.50°N 0.12°W﻿ / 51.50; -0.12Coordinates: 51°30′N 0°07′W﻿ / ﻿51.50°N 0.12°W﻿ / 51.50; -0.12,German strategic failure,,,,,100,The Blitz,Western Front,September 1940 – May 1941,https://en.wikipedia.org/wiki/The_Blitz
Nazi Germany,United Kingdom,2 battleships damaged 1 destroyer damaged 1 destroyer lightly damaged 2 torpedo boats lightly damaged 22 aircraft destroyed (7 fighters)  13 sailors killed 2 wounded 23 aircrew killed (4 from JG 26),1 destroyer severely damaged several gun boats damaged 42 aircraft destroyed 230–250 killed and wounded,,Otto Ciliax,Bertram Ramsay,,11–13 February 1942,English ChannelCoordinates: 50°58′45″N 1°44′09″E﻿ / ﻿50.97917°N 1.73583°E﻿ / 50.97917; 1.73583,German victory,,2 battleships 1 heavy cruiser 6 destroyers 14 torpedo boats 26  E-boats 32 bombers 252 fighters,6 destroyers 3 destroyer escorts 32 motor torpedo boats c.  450  aircraft,,100,Operation Cerberus,Western Front,February 1942,https://en.wikipedia.org/wiki/Operation_Cerberus
United Kingdom,Nazi Germany,41 aircraft [3],17 fighters 5 bombers 23 airmen killed [3],,Sholto Douglas   Philip de la Ferté   Trafford Leigh-Mallory,Adolf Galland   Robert von Greim   Max Ibel,,11–12 February 1942,"English Channel, North Sea and northern Germany50°N 02°W﻿ / ﻿50°N 2°W﻿ / 50; -2Coordinates: 50°N 02°W﻿ / ﻿50°N 2°W﻿ / 50; -2",German victory,,~450 aircraft,252  Bf 109  and  Fw 190  fighters [1] [2] 30  Bf 110   Heavy fighters [2] 32  Dornier Do 217s,,100,Operation Donnerkeil,Western Front,February 1942,https://en.wikipedia.org/wiki/Operation_Donnerkeil
United Kingdom,Germany,HMS  Campbeltown   169 dead * 215  prisoners of war  * 1  Motor Gun Boat 1  Motor Torpedo Boat 13  Motor Launches 1  Armstrong Whitworth Whitley 1  Bristol Beaufighter,Normandie dock 360 dead ^ 2  Junkers 88 2  Tankers 2  Tugs,,Robert Ryder   Stephen Beattie   ( POW )   Augustus Charles Newman,Karl-Konrad Mecke  Edo Dieckmann   Herbert Sohler   Georg-Wilhelm Schulz,,28 March 1942,"St Nazaire, France
47°16′30″N 2°11′48″W﻿ / ﻿47.27500°N 2.19667°W﻿ / 47.27500; -2.19667Coordinates: 47°16′30″N 2°11′48″W﻿ / ﻿47.27500°N 2.19667°W﻿ / 47.27500; -2.19667",British victory,,346 Royal Navy 265 Commandos [nb 1],"5,000 troops",,100,St. Nazaire Raid,Western Front,March 1942,https://en.wikipedia.org/wiki/St._Nazaire_Raid
Canada   United Kingdom   United States   Free France   Poland [a]   Czechoslovakia [b],Germany,"Ground forces Canada : 907 killed,  586 wounded,  1,946 captured [3] United Kingdom : 275 commandos Royal Navy 1 destroyer 33 landing craft 550 dead and wounded Royal Air Force 64  Supermarine Spitfire  fighters  20  Hawker Hurricane  fighters  6  Douglas Boston  bombers 10  North American Mustang Mk 1  fighters  62 killed, 30 wounded, 17 captured","Ground forces Germany : 311 killed, 280 wounded    Luftwaffe  23  Fw 190 25  Dornier Do 217   Kriegsmarine  1 submarine chaser UJ-1404 sunk",,Louis Mountbatten   J. H. Roberts   Trafford Leigh-Mallory,Gerd von Rundstedt   Konrad Haase,,19 August 1942,"Dieppe, France",Axis victory,,"2nd Infantry Division   Commandos 
 
 3 Commando 
 4 Commando 
 10 Commando 
 30 Commando 
 40 Commando 
   Royal Navy 
237 ships and landing barges including eight destroyers
   Royal Air Force 
74 Squadrons
 
 
 
~10,500 men, including 50  U.S. Army Rangers  attached to  4 Commando  and  15 french commandos  to 10 Commando","302nd Static Division ~1,500 men Does not include  Luftwaffe  and  Kriegsmarine",,100,Dieppe Raid,Western Front,August 1942,https://en.wikipedia.org/wiki/Dieppe_Raid
United Kingdom   Canada   Australia   New Zealand   Poland,Germany,"Bomber Command 
 2,690 crew killed 
 c.  1,000  POW 
 500 aircraft [1]  (5.8 per cent loss rate)","c.  4,000  killed 
 10,000 injured 
 450,000 homeless",,Arthur Harris   Ralph Cochrane   Don Bennett   Roderick Carr,Hermann Göring   Hans-Jürgen Stumpff   Joseph Schmid   Günther Lützow   Max Ibel   Walter Grabmann   Gotthard Handrick,,18 November 1943 – 31 March 1944,"Berlin, Nazi Germany",See Aftermath and Analysis,,,,,100,Battle of Berlin (air),Western Front,November 1943 – March 1944,https://en.wikipedia.org/wiki/Battle_of_Berlin_(air)
"Allies 
 
   United Kingdom   United States   Canada   France   Poland   Australia [nb 1]   Belgium   New Zealand   Netherlands   Norway [1]   Czechoslovakia   Luxembourg [2]   Greece","Axis 
 
   Nazi Germany","by 24 July: ≈120,000 casualties [3]","by 24 July: 113,059 casualties [3]",,"Dwight D. Eisenhower ( Supreme Allied Commander )   Arthur Tedder (Deputy Supreme Allied Commander)   Bernard Montgomery ( 21st Army Group , Ground Forces Commander in Chief)   Trafford Leigh-Mallory (Air Commander in Chief)   Bertram Ramsay (Naval Commander in Chief)   Miles Dempsey ( British 2nd Army )   Omar Bradley ( U.S. 1st Army )",Gerd von Rundstedt  ( Oberbefehlshaber West )   Erwin Rommel  ( Heeresgruppe  B )   Friedrich Dollmann  ( 7 Armeeoberkommando )   Leo Geyr von Schweppenburg  ( Panzergruppe West ),,6 June 1944 – mid-July 1944,"Normandy, FranceCoordinates: 49°20′N 0°34′W﻿ / ﻿49.333°N 0.567°W﻿ / 49.333; -0.567",Allied victory,,"1,332,000 (by 24 July) [3]","380,000 (by 23 July) [4]",German army retreats east towards Paris,100,Invasion of Normandy,Operation Overlord,,https://en.wikipedia.org/wiki/Invasion_of_Normandy
United Kingdom,Nazi Germany,~217 casualties 23–27 tanks,Unknown total casualties 8–15 tanks,,George Erskine   William Hinde,Fritz Bayerlein   Heinz von Westernhagen,,13 June 1944,"Villers-Bocage, France",See Aftermath section,,One  Brigade group c.  60 tanks,2 ad-hoc battle groups Elements of 1  heavy tank battalion 31–41 tanks,,100,Battle of Villers-Bocage,Operation Perch,,https://en.wikipedia.org/wiki/Battle_of_Villers-Bocage
United Kingdom,Germany,,,,Bernard Montgomery   Miles C. Dempsey   Gerard Bucknall,Leo Geyr von Schweppenburg   Sepp Dietrich,,7–14 June 1944,"Normandy, France49°05′N 0°39′W﻿ / ﻿49.083°N 0.650°W﻿ / 49.083; -0.650Coordinates: 49°05′N 0°39′W﻿ / ﻿49.083°N 0.650°W﻿ / 49.083; -0.650",German victory,,1 armoured division 2 infantry divisions 2 armoured brigades,3 panzer divisions 1 infantry division 1 heavy tank battalion,,5,Operation Perch,Battle for Caen,Battle of Villers-Bocage,https://en.wikipedia.org/wiki/Operation_Perch
United Kingdom,Germany,"4,020–4,900 casualties  150 tanks damaged or knocked out","Over 3,000 casualties  125–126 tanks damaged or knocked out",,Bernard Montgomery   Miles Dempsey   Richard O'Connor,Friedrich Dollmann   Leo Geyr von Schweppenburg   Sepp Dietrich   Paul Hausser   Wilhelm Bittrich,,26–30 June 1944,"West of Caen, Normandy, France49°17′00″N 00°18′00″W﻿ / ﻿49.28333°N 0.30000°W﻿ / 49.28333; -0.30000Coordinates: 49°17′00″N 00°18′00″W﻿ / ﻿49.28333°N 0.30000°W﻿ / 49.28333; -0.30000",See Aftermath section,,2 infantry divisions 1 armoured division 1 armoured brigade 1 tank brigade,3 SS panzer divisions 5 ad-hoc battle groups 1 SS heavy tank battalion,,100,Operation Epsom,Battle for Caen,,https://en.wikipedia.org/wiki/Operation_Epsom
Canada       United Kingdom,Nazi Germany,377 casualties 17 tanks,c.  270 infantry   and  c.  20 tanks,,Rod Keller,Kurt Meyer,,4–5 July 1944,"Carpiquet, Normandy, France",Allied victory,,4 Infantry Battalions 1 Machine Gun Battalion 2 Armoured Regiments,1 battalion each from SS Panzergrenadier Regiments 26 and 1  1  Flak  Battery 15 tanks initially,Carpiquet captured by Canadians,100,Operation Windsor,Battle for Caen,,https://en.wikipedia.org/wiki/Operation_Windsor
United Kingdom   Canada,Germany,"3,817 casualties [6] ~80 tanks [6] [7] [8] [nb 2]","Over 2,000 casualties [6] 18–32 tanks [nb 3] [nb 4]",,Miles Dempsey [1]   John Crocker [2],Heinrich Eberbach [3]   Sepp Dietrich [4],,8–9 July 1944,"Northern Caen, Normandy, FranceCoordinates: 49°10′59″N 0°22′10″W﻿ / ﻿49.18306°N 0.36944°W﻿ / 49.18306; -0.36944﻿ (Operation Charnwood)",Allied victory,,3 infantry divisions [2] 3 armoured brigades [2],Elements of 1 infantry division [5] 1 armoured division [5] 61 tanks [nb 1],,100,Operation Charnwood,Battle for Caen,,https://en.wikipedia.org/wiki/Operation_Charnwood
United Kingdom,Germany,"c.  2,000 casualties 58 tanks [1]","6,469 casualties [2]",,Richard O'Connor,Wilhelm Bittrich,,10–11 July 1944,"West of Caen, Normandy, France49°7′25″N 0°27′36″W﻿ / ﻿49.12361°N 0.46000°W﻿ / 49.12361; -0.46000Coordinates: 49°7′25″N 0°27′36″W﻿ / ﻿49.12361°N 0.46000°W﻿ / 49.12361; -0.46000",British victory,,,,,100,Operation Jupiter,Battle for Caen,,https://en.wikipedia.org/wiki/Operation_Jupiter_(1944)
United Kingdom,Germany,"3,000–3,500","c.  2,000",,General  Miles Dempsey,General  Heinrich Eberbach,,15–17 July 1944,"Normandy, France49°04′47″N 00°28′16″W﻿ / ﻿49.07972°N 0.47111°W﻿ / 49.07972; -0.47111Coordinates: 49°04′47″N 00°28′16″W﻿ / ﻿49.07972°N 0.47111°W﻿ / 49.07972; -0.47111",Indecisive,,6 infantry divisions 5 tank/armoured brigades,4 infantry divisions 3 Panzer divisions 1 heavy tank battalion,,100,Second Battle of the Odon,Battle for Caen,,https://en.wikipedia.org/wiki/Second_Battle_of_the_Odon
United Kingdom,Germany,"4,000–5,000 [1] [2] 300–500 tanks [3]","2,000 [4] 75–100 tanks [5] [6]",,Bernard Montgomery   Miles Dempsey   John Crocker   Richard O'Connor,Günther von Kluge   Heinrich Eberbach   Sepp Dietrich   Hans von Obstfelder,,18–20 July 1944,"Normandy, France49°10′54″N 00°16′03″W﻿ / ﻿49.18167°N 0.26750°W﻿ / 49.18167; -0.26750Coordinates: 49°10′54″N 00°16′03″W﻿ / ﻿49.18167°N 0.26750°W﻿ / 49.18167; -0.26750",See Aftermath section,,"3 armoured divisions ( c.  1,100 tanks ) 2 infantry divisions",3 armoured divisions 2 heavy tank battalions (377 tanks) 4 infantry divisions,,100,Operation Goodwood,Battle for Caen,,https://en.wikipedia.org/wiki/Operation_Goodwood
Canada,Germany,"1,349–1,965",Unknown,,Guy Simonds,Günther von Kluge,,"July 18–20, 1944","Caen, France49°11′00″N 0°22′00″W﻿ / ﻿49.18333°N 0.36667°W﻿ / 49.18333; -0.36667Coordinates: 49°11′00″N 0°22′00″W﻿ / ﻿49.18333°N 0.36667°W﻿ / 49.18333; -0.36667",See the 'Aftermath' section,,2 Infantry divisions 1 Armoured Brigade,2 Panzer divisions,,100,Operation Atlantic,Battle for Caen,,https://en.wikipedia.org/wiki/Operation_Atlantic
Canada,Germany,"800 killed [a] 2,000 wounded or captured",Unknown [a],,Guy Simonds   Charles Foulkes,Günther von Kluge   Sepp Dietrich   Kurt Meyer   Wilhelm Bittrich,,19–25 July 1944,"Verrières Ridge, 8 km (5.0 mi) south of Caen, Normandy, France",German defensive success,,"2 Infantry Divisions, 1 Armoured Brigade",2 Panzer Divisions remnants of 1 Panzer Division 1 Infantry Division,,100,Battle of Verrières Ridge,Battle for Caen,,https://en.wikipedia.org/wiki/Battle_of_Verri%C3%A8res_Ridge
Canada   United Kingdom,Germany,"450 killed 1,100 wounded",unknown,,Guy Simonds,Josef Dietrich,,"July 25–27, 1944","Verrières Ridge (8 km (5 miles) south of Caen), France",German tactical successAllied strategic victory,,2 Infantry Division  2 Armoured Divisions 1 Armoured Brigade,3 Panzer Divisions,,100,Operation Spring,Battle for Caen,,https://en.wikipedia.org/wiki/Operation_Spring
United Kingdom   Canada,Germany,"3,474 casualties 314 tanks destroyed [1]","Unknown number of casualties 2,500 soldiers captured 75-100 tanks destroyed [2]",,Bernard Montgomery Miles Dempsey,Erwin Rommel Friedrich Dollmann   † Paul Hausser Leo Geyr von Schweppenburg Sepp Dietrich,,6 June – 6 August 1944,"Normandy, France49°11′10″N 0°21′45″W﻿ / ﻿49.18611°N 0.36250°W﻿ / 49.18611; -0.36250Coordinates: 49°11′10″N 0°21′45″W﻿ / ﻿49.18611°N 0.36250°W﻿ / 49.18611; -0.36250",Allied victory,,3 armoured divisions 11 infantry divisions 5 armoured brigades 3 tank brigades,7 infantry divisions 8 panzer divisions 3 heavy tank battalions,,3,Battle for Caen,Operation Overlord,Operation Perch,https://en.wikipedia.org/wiki/Battle_for_Caen
United States,Germany,32 dead  73 wounded  4 tanks destroyed,43 dead  89 wounded  2 tanks destroyed,,Maj. Gen.  Maxwell D. Taylor  (101st Airborne)   Col.  Howard R. Johnson  (501st PIR)   Col.  John H. Michaelis  (502nd PIR)   Col.  Robert F. Sink  ( 506th PIR ),Col.  Friedrich von der Heydte,,"June 13, 1944","Manoir de Donville, Méautis, Normandy, France49°17′40″N 1°16′50″W﻿ / ﻿49.29444°N 1.28056°W﻿ / 49.29444; -1.28056Coordinates: 49°17′40″N 1°16′50″W﻿ / ﻿49.29444°N 1.28056°W﻿ / 49.29444; -1.28056",U.S. victory,,3 parachute infantry regiments  60 tanks (2nd Armored Div.) [1],1 parachute infantry battalion  1 Waffen SS armored division,,100,Battle of Bloody Gulch,Battle of Carentan,,https://en.wikipedia.org/wiki/Battle_of_Bloody_Gulch
United States,Germany,,,,Maxwell D. Taylor   Anthony McAuliffe   Maurice Rose   Robert Sink,Friedrich von der Heydte   Werner Ostendorff,,10–14 June 1944,"49°18′18″N 1°14′58″W﻿ / ﻿49.30500°N 1.24944°W﻿ / 49.30500; -1.24944﻿ (Battle of Carentan)Coordinates: 49°18′18″N 1°14′58″W﻿ / ﻿49.30500°N 1.24944°W﻿ / 49.30500; -1.24944﻿ (Battle of Carentan)Carentan, France",U.S. victory,,11  airborne infantry  battalions 1 tank battalion 1 mechanized infantry battalion,2 parachute infantry battalions 2  Ost infantry  battalions 2  panzergrenadier  battalions 1  panzer  battalion with assault guns,,5,Battle of Carentan,Battle of Cherbourg,Battle of Bloody Gulch,https://en.wikipedia.org/wiki/Battle_of_Carentan
United States,Germany,"8,500 killed or missing: 2,800 killed, 5,700 missing, 13,500 wounded Total : 22,000","7,000 – 8,000 killed or missing 30,000 captured Total : 37,000-38,000",,J. Lawton Collins   Matthew Ridgway,Friedrich Dollmann   Karl-Wilhelm von Schlieben,,6–30 June 1944,"Normandy, France",Allied victory,,Unknown,"40,000",,3,Battle of Cherbourg,Operation Overlord,Battle of Carentan,https://en.wikipedia.org/wiki/Battle_of_Cherbourg
United States,Germany,"For the period July 7-22  29th Infantry Division: 3,706   30th Infantry Division: 3,934   35th Infantry Division: 2,437   Total XIX Corps: 11,000+",Unknown,,Charles H. Corlett     Charles H. Gerhardt     Leland Hobbs     Paul W. Baade,Dietrich Kraiß       Eugen Meindl       Otto Baum,,"July 7-19, 1944","Saint-Lô, France",Allied victory,,,,,100,Battle of Saint-Lô,Operation Overlord,,https://en.wikipedia.org/wiki/Battle_of_Saint-L%C3%B4
"United States 
 
   United Kingdom",Germany,"1,800 casualties [nb 1]    at least 109 medium tanks destroyed or damaged   unknown number of light tanks and tank destroyers [9]","2,500 killed  [10] 10,000 captured  344 tanks & self-propelled guns destroyed/abandoned [11]  2,447  soft-skinned vehicles  destroyed/abandoned 252 artillery pieces destroyed/abandoned [11]",,Bernard Montgomery   Omar Bradley   Lesley J. McNair   †,Günther von Kluge     Paul Hausser,,25–31 July 1944,"Saint-Lô, Normandy, France49°06′55″N 1°05′25″W﻿ / ﻿49.115277°N 1.090277°W﻿ / 49.115277; -1.090277﻿ (Saint Lo)Coordinates: 49°06′55″N 1°05′25″W﻿ / ﻿49.115277°N 1.090277°W﻿ / 49.115277; -1.090277﻿ (Saint Lo)",Allied victory[1][2],,"8 infantry divisions [3] 3 armored divisions [3]   2,451 tanks and tank destroyers [4] [5] [6]",2 infantry divisions [3] 1 parachute division [3] 4 understrength  Panzer  divisions [3] 1  Panzergrenadier  division [3] 190 tanks and assault guns [5] [6],,100,Operation Cobra,Operation Overlord,,https://en.wikipedia.org/wiki/Operation_Cobra
United States   United Kingdom,Germany,"~10,000 casualties 2,000–3,000 killed",unknown number of infantry   120 tanks and assault guns destroyed or damaged,,Omar Bradley,Günther von Kluge,,7–13 August 1944,"Mortain, Normandy, France",Allied victory,,5 Infantry Divisions 3 Armored  combat commands USAAF Ninth Air Force RAF Second Tactical Air Force,3 Panzer Divisions 2 Infantry Divisions 5 Panzer or Infantry  battlegroups 150 tanks and assault guns,,100,Operation Lüttich,Operation Overlord,,https://en.wikipedia.org/wiki/Operation_L%C3%BCttich
United States   United Kingdom,Germany,"9,831 killed or wounded [1]","38,000 captured [1]",,Troy H. Middleton,Hermann-Bernhard Ramcke     Hans Kroh,,7 August – 19 September 1944,"Brittany, France",Allied victory,,"VIII Corps 
 
 2nd Infantry Division 
 8th Infantry Division 
 29th Infantry Division 
 2nd Ranger Battalion 
 5th Ranger Battalion 
 79th Armoured Division  (elements) 
 6th Armored Division  (elements)",2nd Fallschirmjäger-Division 266. Infanterie-Division 343. Infanterie-Division,,100,Battle for Brest,Operation Overlord,,https://en.wikipedia.org/wiki/Battle_for_Brest
Canada   United Kingdom   Poland,Germany,"At least 1,256 [a] 146+ tanks [b]","3,000 casualties [c] At least 45 tanks [5]",,Guy Simonds,Kurt Meyer,,8–9 August 1944,"Normandy, France",Allied victory,,"85,000 men 2,000 aircraft 720 artillery pieces 3 infantry  divisions 2 armoured divisions 2 armoured  brigades [1]","3 infantry divisions, 1 SS Panzer division 1 heavy tank  battalion At least 74 tanks [2]",,100,Operation Totalize,Operation Overlord,,https://en.wikipedia.org/wiki/Operation_Totalize
Poland,Germany,351 casualties [6] [7] 11 tanks [6] [7],"~1,500 casualties [nb 2]",,Stanisław Maczek,Walter Model,,19–21 August 1944,"Mont Ormel, northeast of Chambois",Polish victory[1][2],,"1,500 infantry [3] ~80 tanks [3]",remnants of around 20 infantry and Panzer divisions [nb 1],,100,Battle of Hill 262,Operation Tractable,,https://en.wikipedia.org/wiki/Hill_262
Canada   Poland   United Kingdom [1],Germany,,,"Canada: see  Casualties  section Poland: 1,441",Harry Crerar   Guy Simonds   Stanisław Maczek,Walter Model   Kurt Meyer,,14–21 August 1944,"North of Falaise, Normandy, France",Allied victory,,2 infantry divisions 2 armoured divisions 1 armoured brigade 1 tank brigade [1],1 SS  Panzer  Division remnants of 2 infantry divisions,,5,Operation Tractable,Falaise Pocket,Battle of Hill 262,https://en.wikipedia.org/wiki/Operation_Tractable
United States   Canada   Poland,Nazi Germany,,,,George S. Patton   Stanisław Władysław Maczek,Walter Model   Paul Hausser  ( WIA ),,18–20 August 1944,"Chambois, France48°48′21″N 00°06′22″E﻿ / ﻿48.80583°N 0.10611°E﻿ / 48.80583; 0.10611Coordinates: 48°48′21″N 00°06′22″E﻿ / ﻿48.80583°N 0.10611°E﻿ / 48.80583; 0.10611","Allied victory

Closure of the Falaise Pocket",,,,,100,Battle of Chambois,Falaise Pocket,,https://en.wikipedia.org/wiki/Battle_of_Chambois
United States   United Kingdom   Canada   Poland   Free France,Germany,"United States :  Unknown United Kingdom :  Unknown Free French :  Unknown Canada :  5,679 casualties [nb 1] Poland :  c.  5,150 casualties in total [3] of which 2,300 for the  1st. Armoured Division. [4]","c.  60,000: 
 
 c.  10,000 killed 
 c.  50,000 captured 
500 tanks/assault guns",,Bernard Montgomery   Omar Bradley   Harry Crerar   Miles Dempsey   Courtney Hodges   George S. Patton,Günther von Kluge   Walter Model   Paul Hausser   Heinrich Eberbach,,12–21 August 1944,"Normandy, France48°53′34″N 0°11′31″W﻿ / ﻿48.89278°N 0.19194°W﻿ / 48.89278; -0.19194Coordinates: 48°53′34″N 0°11′31″W﻿ / ﻿48.89278°N 0.19194°W﻿ / 48.89278; -0.19194","Decisive Allied victory[1]

Liberation of Paris",,up to 17 divisions,14–15 divisions,,3,Falaise Pocket,Operation Overlord,Operation Tractable,https://en.wikipedia.org/wiki/Falaise_Pocket
"France 
 
   Free France 
   French Resistance 
   United States","Germany 
 
   Vichy France [nb 1]","French Resistance: 1,600 dead [1] Free French Forces: 130 dead 319 wounded [2] United States:  Unknown [3]","3,200 dead 12,800 prisoners [1]",,Charles de Gaulle   Philippe Leclerc   Raymond O. Barton   Amado Granell,Dietrich von Choltitz,,19–25 August 1944,"Paris and outskirts, France","Allied victory

Capture and liberation of Paris
Paris made capital of the re-established Provisional Government of the French Republic",,,,,100,Liberation of Paris,Operation Overlord,,https://en.wikipedia.org/wiki/Liberation_of_Paris
"Allies 
   United States 
   United Kingdom 
   Canada 
   France 
   French Resistance 
   Poland [1] 
   Australia 
   New Zealand [2] 
   Belgium [3] 
   Czechoslovakia [4] 
   Greece [5] 
   Luxembourg [6] 
   Netherlands [3] 
   Norway [1] 
  Danish sailors [7] [8]","Axis 
 
   Germany","226,386 casualties [15] [b] 
 4,101 aircraft [15] 
 ~4,000 tanks [16]","288,695 [17]  to 530,000 [18]  casualties 
 2,127 aircraft [19] 
 1,500 [20]  to 2,400 tanks and assault guns lost [13]",,"Dwight D. Eisenhower ( Supreme Allied Commander ) 
   Arthur Tedder (Deputy Supreme Allied Commander) 
   Bernard Montgomery (Ground Forces Commander in Chief) 
   Trafford Leigh-Mallory (Air Commander in Chief) 
   Bertram Ramsay (Naval Commander in Chief)","Gerd von Rundstedt   ( OB West ) 
   Erwin Rommel   ( Army Group B )",,"6 June – 30 August 1944
(2 months, 3 weeks and 3 days)",Northern France,Allied victory,,"1,452,000 troops (by 25 July) [a] 
 2,052,299 (by the end of August) [9]","380,000 troops (by 23 July) [10] 
 ~640,000 troops total [11] 
 2,200 [12]  – 2,500 tanks and assault guns [13] [14]",,1,Operation Overlord,Western Front,June – August 1944,https://en.wikipedia.org/wiki/Operation_Overlord
,,,,,,,,,,,,,,,100,Operation Valkyrie,Western Front,July 1944,https://en.wikipedia.org/wiki/Operation_Valkyrie
,,,,,,,,,,,,,,,100,Operation Romeo,Operation Dragoon,,https://en.wikipedia.org/wiki/Operation_Romeo
United States   Canada,Germany,9 killed,1 corvette sunk 1 aviso sunk 5 forts captured,,William C. Hughes,unknown,,"August 15, 1944","Port-Cros, France, Mediterranean Sea43°00′18″N 6°23′55″E﻿ / ﻿43.005°N 6.398611°E﻿ / 43.005; 6.398611",Allied victory,,"Land: 1,800  infantry Sea: 1  destroyer",Land: 5  forts Sea: 1  corvette 1  aviso,,100,Battle of Port Cros,Operation Dragoon,,https://en.wikipedia.org/wiki/Battle_of_Port_Cros
United States   United Kingdom,Germany,United States:  1 man wounded 1 destroyer damaged United Kingdom:  Unknown,169 captured 1 corvette sunk 1 naval yacht sunk,,John D. Bulkeley,Hermann Polenz [1],,17 August 1944,"off La Ciotat, France, Mediterranean Sea",Allied victory,,1  destroyer 2  gunboats 17  PT boats,1  corvette 1 naval  yacht,,100,Battle of La Ciotat,Operation Dragoon,,https://en.wikipedia.org/wiki/Battle_of_La_Ciotat
United States   France   United Kingdom   Canada [note] Air force only   Australia   South Africa Naval only   Greece,"Germany 
 
   Vichy France","15,574 casualties [6] 
 
 7,301 killed [7] 
  more than 10,000 casualties [8] [9] Total: ~25,574","7,000 killed ~21,000 wounded 131,250 captured [9] [10] [11] 1,316 artillery pieces [12] Total: ~159,000",,"Jacob L. Devers 
 
   Henry Kent Hewitt  (naval forces) 
   Alexander Patch  (7th Army) 
   Jean de Lattre de Tassigny  ( Armée B ) 
   John K. Cannon  (air forces)","Johannes Blaskowitz 
 
   Friedrich Wiese 
   Wend von Wietersheim 
   Kurt von der Chevallerie",,15 August – 14 September 1944,"Southern France, Côte d'Azur43°13′37.5″N 6°39′42″E﻿ / ﻿43.227083°N 6.66167°E﻿ / 43.227083; 6.66167Coordinates: 43°13′37.5″N 6°39′42″E﻿ / ﻿43.227083°N 6.66167°E﻿ / 43.227083; 6.66167",Allied victory,,"Initial landing 151,000 men [1] Entire invasion force 576,833 men [2] French Resistance 75,000 men [3]","Initial landing 85,000–100,000 men [4] 1,481 artillery pieces [5] Southern France 285,000–300,000 men [4]",German forces withdraw from most of Southern France to the Vosges region,1,Operation Dragoon,Western Front,August – September 1944,https://en.wikipedia.org/wiki/Operation_Dragoon
Western Allies   United States   United Kingdom   Canada   France   Poland and others,Germany,"American : 240,082 casualties (50,410 killed 172,450 wounded 24,374 captured or missing) (15 September 1944–21 March 1945) British : 32,366 Canadian : 15,000 French : 15,390-17,390 [2] Total : 272,448+ casualties [3]","40,000 killed 80,000 wounded 280,000+ captured Total : 400,000+ casualties [4]",,Dwight D. Eisenhower ( SHAEF )   Bernard Montgomery ( 21st Army Group )   Omar Bradley ( 12th Army Group )   Jacob L. Devers ( 6th Army Group ),Gerd von Rundstedt ( Oberbefehlshaber West )   Walter Model ( Army Group B ),,25 August 1944–7 March 1945,"Along and around the Siegfried Line, (France, Belgium, Luxembourg, Netherlands and Germany)",Allied victory,,"4,500,000 (91 divisions) [1]","1,500,000 [ citation needed ]",,100,Allied advance from Paris to the Rhine,Western Front,August – March 1945,https://en.wikipedia.org/wiki/Allied_advance_from_Paris_to_the_Rhine
United Kingdom   Canada,Germany,388–500 40 armoured vehicles,"600 killed 11,300 captured",,Evelyn Barker   Tom Rennie   Harry Crerar,Hermann-Eberhard Wildermuth,,10–12 September 1944,"Le Havre, Normandy, France49°29′N 00°06′E﻿ / ﻿49.483°N 0.100°E﻿ / 49.483; 0.100Coordinates: 49°29′N 00°06′E﻿ / ﻿49.483°N 0.100°E﻿ / 49.483; 0.100",Allied victory,,"I Corps 
 
   49th Infantry Division 
   51st Infantry Division 
   79th Armoured Division 
   1st Armoured Carrier Regiment","Fortress cadre unit:
 
 226th Infantry Division 
 245th Infantry Division 
 battalion, Security Regiment 5 
 marines and naval personnel",,100,Operation Astonia,Clearing the Channel Coast,,https://en.wikipedia.org/wiki/Operation_Astonia
Canada   United Kingdom   Czechoslovakia   France   Belgian Resistance,Germany,,,,Harry Crerar   Alois Liška,Wolfgang von Kluge   Friedrich Frisius,,15 September 1944 – 8 May 1945,"Dunkirk, FranceCoordinates: 51°02′18″N 2°22′39″E﻿ / ﻿51.0383°N 2.3775°E﻿ / 51.0383; 2.3775",Indecisive,,,,,100,Siege of Dunkirk (1944),Clearing the Channel Coast,,https://en.wikipedia.org/wiki/Siege_of_Dunkirk_(1944)
Canada   United Kingdom,Germany,600 killed or wounded [1],"c.  500  killed or wounded 9,500 captured",,Daniel Spry,Ferdinand Heim,,"September 17–22, 1944","Boulogne-sur-Mer, France50°43′35″N 1°36′53″E﻿ / ﻿50.72639°N 1.61472°E﻿ / 50.72639; 1.61472Coordinates: 50°43′35″N 1°36′53″E﻿ / ﻿50.72639°N 1.61472°E﻿ / 50.72639; 1.61472",Allied victory,,"2 infantry brigades supporting armour, artillery and aircraft","10,000",,100,Operation Wellhit,Clearing the Channel Coast,,https://en.wikipedia.org/wiki/Operation_Wellhit
Canada   United Kingdom,Germany,260 killed or wounded,"9,128 captured incl. 1,600 from Cap Gris Nez",,Daniel Spry,Ludwig Schroeder,,22 September – 1 October 1944,"Calais, France50°57′22.12″N 1°50′28.90″E﻿ / ﻿50.9561444°N 1.8413611°E﻿ / 50.9561444; 1.8413611Coordinates: 50°57′22.12″N 1°50′28.90″E﻿ / ﻿50.9561444°N 1.8413611°E﻿ / 50.9561444; 1.8413611",Allied victory,,unknown,"7,500 Calais",,100,Operation Undergo,Clearing the Channel Coast,,https://en.wikipedia.org/wiki/Operation_Undergo
Canada   United Kingdom   Poland   United States   Belgium   Netherlands   France   Norway,Germany,"Canadian: 6,367 Total: 12,873","Roughly 10-12,000 41,043 captured",,Bernard Montgomery   Guy Simonds   Harry Crerar   Bertram Ramsay,Gustav-Adolf von Zangen,,"October 2 – November 8, 1944",Dutch Zeeland and northern Belgium51°25′N 4°10′E﻿ / ﻿51.417°N 4.167°E﻿ / 51.417; 4.167Coordinates: 51°25′N 4°10′E﻿ / ﻿51.417°N 4.167°E﻿ / 51.417; 4.167,Allied victory,,"60,000","90,000",Antwerp opened to Allied shipping,100,Battle of the Scheldt,Clearing the Channel Coast,,https://en.wikipedia.org/wiki/Battle_of_the_Scheldt
Canada   United Kingdom   Poland   Czechoslovakia   Belgium   Netherlands   France,Germany,"14,300 casualties","13,100 killed, wounded, missing 70,971 captured Total : 74,071 casualties",,Harry Crerar,Gustav-Adolf von Zangen,,September–November 1944,France and Belgium,Allied victory,,2 armoured divisions 4 infantry divisions,3 divisions (in France) 2 divisions (in Holland),,1,Clearing the Channel Coast,Western Front,September – November 1944,https://en.wikipedia.org/wiki/Clearing_the_Channel_Coast
United Kingdom  Poland,Germany,"# Approx 1,984 killed 6,854 captured","# Approx 1,300 killed 2,000 wounded",,Roy Urquhart   Stanisław Sosabowski   John Frost   [POW],Walter Model   Wilhelm Bittrich,,"17–26 September 1944
(1 week and 2 days)","Gelderland, Netherlands51°58′49″N 5°54′01″E﻿ / ﻿51.98028°N 5.90028°E﻿ / 51.98028; 5.90028Coordinates: 51°58′49″N 5°54′01″E﻿ / ﻿51.98028°N 5.90028°E﻿ / 51.98028; 5.90028",German victory,,,,,100,Battle of Arnhem,Operation Market Garden,,https://en.wikipedia.org/wiki/Battle_of_Arnhem
United Kingdom   United States   Canada   Polish forces in the West   Free Dutch forces  and  Dutch resistance,Germany,"15,326–17,200 88 tanks destroyed [d]","3,300–13,300 [9] 30 tanks/SPGs destroyed 159 aircraft destroyed [10]",,Bernard Montgomery   Miles Dempsey   Frederick Browning   Brian Horrocks   Lewis H. Brereton   Stanisław Sosabowski,Gerd von Rundstedt   Walter Model   Kurt Student   Wilhelm Bittrich   Gustav-Adolf von Zangen,,"17–25 September 1944
(1 week and 1 day)","Eindhoven–Arnhem corridor, Netherlands",Allied operational failure[a][b],,"1 armoured division 2 infantry divisions 1 armoured brigade [5] 3 Airborne divisions (41,628 troops)  [6]","100,000 [c]",,1,Operation Market Garden,Western Front,September 1944,https://en.wikipedia.org/wiki/Operation_Market_Garden
United States,Germany,"at least 2,851 (80th Division only)","at least 4,081 (3rd PG and 553rd VG Divisions)",,Manton S. Eddy,Heinrich Freiherr von Lüttwitz,,5–15 September 1944,48°41′36″N 06°11′04″E﻿ / ﻿48.69333°N 6.18444°E﻿ / 48.69333; 6.18444﻿ (Nancy)Coordinates: 48°41′36″N 06°11′04″E﻿ / ﻿48.69333°N 6.18444°E﻿ / 48.69333; 6.18444﻿ (Nancy)Lorraine,American victory,,3 divisions,2 divisions and 2 regiments,,100,Battle of Nancy,Lorraine Campaign,,https://en.wikipedia.org/wiki/Battle_of_Nancy_(1944)
United States,Germany,,,,George S. Patton,Otto von Knobelsdorff,,27 September – 13 December 1944,"Metz, France49°07′13″N 6°10′40″E﻿ / ﻿49.12028°N 6.17778°E﻿ / 49.12028; 6.17778Coordinates: 49°07′13″N 6°10′40″E﻿ / ﻿49.12028°N 6.17778°E﻿ / 49.12028; 6.17778",American tactical victoryGerman strategic victory,,,,The city which was occupied by the Germans passes into the hands of US,100,Battle of Metz,Lorraine Campaign,,https://en.wikipedia.org/wiki/Battle_of_Metz
,,,,,,,,,,,,,,,1,Lorraine Campaign,Western Front,September – December 1944,https://en.wikipedia.org/wiki/Lorraine_Campaign
Canada,Germany,250 killed wounded or captured,"700 killed, wounded or captured 20 AA guns captured 8 mortars captured",,J. David Stewart,Unknown,,"8–10 September 1944,","Moerbrugge, Belgium",Allied victory,,10th Canadian Infantry Brigade,Elements of  64th Infantry Division,,100,Battle of Moerbrugge,Western Front,September 1944,https://en.wikipedia.org/wiki/Battle_of_Moerbrugge
Germany,United States,,,,Gerhard Wilck,"Henry G. Leonard, Jr .",,8 October 1944,"50°47′57.63″N 6°8′21.9″E﻿ / ﻿50.7993417°N 6.139417°E﻿ / 50.7993417; 6.139417Coordinates: 50°47′57.63″N 6°8′21.9″E﻿ / ﻿50.7993417°N 6.139417°E﻿ / 50.7993417; 6.139417Aachen, Germany",American victory,,,,,100,Battle of Crucifix Hill,Battle of Aachen,,https://en.wikipedia.org/wiki/Battle_of_Crucifix_Hill
United States,Germany,"5,000+ casualties [1] 2,000 killed [2]","5,000+ killed or wounded,  5,600 prisoners [1]",,Courtney Hodges     (US First Army)     Clarence R. Huebner  ( 1st Infantry Division )    Leland S. Hobbs    ( 30th Infantry Division ),Gerhard Wilck,,2–21 October 1944(2 weeks and 5 days),"50°46′N 6°6′E﻿ / ﻿50.767°N 6.100°E﻿ / 50.767; 6.100Coordinates: 50°46′N 6°6′E﻿ / ﻿50.767°N 6.100°E﻿ / 50.767; 6.100Aachen, Germany",United States victory,,"100,000 soldiers","13,000 soldiers 5,000  Volkssturm",,1,Battle of Aachen,Western Front,September – October 1944,https://en.wikipedia.org/wiki/Battle_of_Aachen
United Kingdom   United States,Germany,"1,878 men 3 aircraft 40 tanks",600 infantry unknown number of tanks,,Lashmer Whistler   Lindsay McDonald Sylvester,Kurt Student,,30 September – 18 October 1944,"Overloon, Netherlands",Allied victory,,2 divisions,1 division?,,100,Battle of Overloon,Western Front,September – October 1944,https://en.wikipedia.org/wiki/Battle_of_Overloon
United States   United Kingdom,Germany,"38,500 casualties [a] 340 tanks lost [2] [3]",casualties equal to the Allies [1],,Omar Bradley Courtney Hodges William Hood Simpson,Gerd von Rundstedt Gustav-Adolf von Zangen Erich Brandenberger,,16 November – 16 December 1944,"Rur valley and environs, Germany",German defensive victory[1],,1st Army   9th Army,7th Army   15th Army,,100,Operation Queen,Battle of Hürtgen Forest,,https://en.wikipedia.org/wiki/Operation_Queen
United States,Germany,"33,000 [1] [notes 1]  to 55,000 [5]","28,000 [6]",,Omar Bradley   Courtney Hodges,Walter Model,,19 September – 16 December 1944[1],"50°42′31″N 6°21′46″E﻿ / ﻿50.70861°N 6.36278°E﻿ / 50.70861; 6.36278Coordinates: 50°42′31″N 6°21′46″E﻿ / ﻿50.70861°N 6.36278°E﻿ / 50.70861; 6.36278North Rhine-Westphalia, Germany",German defensive victory[2][3][4],,"120,000","80,000",,1,Battle of Hürtgen Forest,Western Front,September – December 1944,https://en.wikipedia.org/wiki/Battle_of_H%C3%BCrtgen_Forest
United Kingdom   United States,Germany,"2,000 casualties,  (including 169 killed,  752 missing  & 500 nonbattle)",Killed?  Wounded? Captured? Missing?,,Brian Horrocks,Günther Blumentritt,,10–22 November 1944,"50°57′56″N 6°7′19″E﻿ / ﻿50.96556°N 6.12194°E﻿ / 50.96556; 6.12194﻿ (Geilenkirchen)Coordinates: 50°57′56″N 6°7′19″E﻿ / ﻿50.96556°N 6.12194°E﻿ / 50.96556; 6.12194﻿ (Geilenkirchen)Geilenkirchen, Germany",Allied victory,,,,,100,Operation Clipper,Western Front,November 1944,https://en.wikipedia.org/wiki/Operation_Clipper
Luxembourg Resistance Supported by:   United States,Germany,1 killed 6 wounded,23 killed,,Victor Abens   Jos Kieffer,Unknown,,15–19 November 1944,"Vianden (Luxembourg), and adjacent areas of the river Our49°56′02″N 6°12′27″E﻿ / ﻿49.933994°N 6.207627°E﻿ / 49.933994; 6.207627Coordinates: 49°56′02″N 6°12′27″E﻿ / ﻿49.933994°N 6.207627°E﻿ / 49.933994; 6.207627","Luxembourgish victory

Remaining civilian population evacuates
Germans later occupy the town in conjunction during the Battle of the Bulge",,30 militia,250 soldiers,,100,Battle of Vianden,Western Front,November 1944,https://en.wikipedia.org/wiki/Battle_of_Vianden
United States,Germany,"First battle:   At least 1,500 killed, wounded, or missing   Two tanks disabled   Second battle:   At least 225 killed, wounded, or missing",First battle:   At least 150 killed   At least 600 captured   Second battle:   Unknown,,Major General Edwin P. Parker Jr.,Generalleutnant   Eugen König,,First battle: 13–16 December 1944  Second battle: 30 January-1 February 1945,"In and around Kesternich, Germany50°36′27″N 6°19′45″E﻿ / ﻿50.60753°N 6.32915°E﻿ / 50.60753; 6.32915Coordinates: 50°36′27″N 6°19′45″E﻿ / ﻿50.60753°N 6.32915°E﻿ / 50.60753; 6.32915",German defensive victory in first battle  U.S. victory in second battle,,First battle:   Two Infantry battalions   Two platoons of  M4 Shermans    One platoon of  M10 tank destroyers    Second battle:   One infantry battalion   One company of M4 Shermans   One platoon of M10 tank destroyers,Elements of two divisions,,100,Battle of Kesternich,Western Front,December 1944 – February 1945,https://en.wikipedia.org/wiki/Battle_of_Kesternich
United States,Germany,"3750 casualties 450 killed, 1,000+ wounded, 2,300 captured 32 tanks","500 casualties 200 killed, 300 wounded 10-12 armored vehicles",,Omar Bradley   Alan W. Jones,Sepp Dietrich,,16 December 1944,"Büllingen, Belgium50°24′17″N 6°16′05″E﻿ / ﻿50.40472°N 6.26806°E﻿ / 50.40472; 6.26806Coordinates: 50°24′17″N 6°16′05″E﻿ / ﻿50.40472°N 6.26806°E﻿ / 50.40472; 6.26806",German tactical victory,,"U.S.  106th Infantry Division  (elements of), 14th Cavalry Group (elements of) Total strength: 5,000 men, 20 light tanks, 12 medium tanks","1st SS Panzer Division ,  2nd SS Panzer Division Total strength: 25,000+ infantry, 200+ Panzers and SPGs",,100,Losheim Gap,Battle of Elsenborn Ridge,,https://en.wikipedia.org/wiki/Losheim_Gap
United States,Germany,"35 men 1 killed, 14 wounded, 20 captured","92 men  16 killed  63 wounded, 13 missing [1] : 87",,"Walter E. Lauer Lyle Bouck, Jr.",Sepp Dietrich I.G. von Hoffmann,,"December 16–17, 1944","Near Lanzerath, Belgium50°21′34″N 6°19′45″E﻿ / ﻿50.359487°N 6.329241°E﻿ / 50.359487; 6.329241Coordinates: 50°21′34″N 6°19′45″E﻿ / ﻿50.359487°N 6.329241°E﻿ / 50.359487; 6.329241",German victory; Ardennes offensive continued,,"Intelligence and Reconnaissance Platoon , 394th Regiment,  99th Infantry Division  (18 men);   Forward Observation Team, Battery C, 371st Field Artillery (4 men)","1st SS Panzer Division  1st Battalion, 9th Fallschirmjäger Regiment,  3rd Fallschirmjäger Division  (500 men);   27th  Fusilier  Regiment,  12th Volksgrenadier Division  (50 men)",,100,Battle of Lanzerath Ridge,Battle of Elsenborn Ridge,,https://en.wikipedia.org/wiki/Battle_of_Lanzerath_Ridge
United States,Germany,"12,000-15,000 casualties 5,000 men killed or missing","114 tanks lost [1] Unknown, but high personnel losses",,Omar N. Bradley Walter E. Lauer Walter M. Robertson,Sepp Dietrich Hugo Kraas,,16 – 26 December 1944,The Ardennes50°26′47″N 6°15′51″E﻿ / ﻿50.44639°N 6.26417°E﻿ / 50.44639; 6.26417Coordinates: 50°26′47″N 6°15′51″E﻿ / ﻿50.44639°N 6.26417°E﻿ / 50.44639; 6.26417,American victory,,"28,000 men","56,000 men",,3,Battle of Elsenborn Ridge,Battle of the Bulge,Losheim Gap,https://en.wikipedia.org/wiki/Battle_of_Elsenborn_Ridge
Germany,United States,"Significant [2] [ better source needed ] 
 4 tanks destroyed [3]","2,000–2,750 [4] [2] 
 60 tanks destroyed [3]",,Meinrad von Lauchert,Hurley Fuller   ( POW ),,16–18 December 1944,"Clervaux, northern Luxembourg50°03′18″N 6°01′48″E﻿ / ﻿50.055°N 6.030°E﻿ / 50.055; 6.030Coordinates: 50°03′18″N 6°01′48″E﻿ / ﻿50.055°N 6.030°E﻿ / 50.055; 6.030",German victory,,1 panzergrenadier regiment [1] 1 panzer regiment [1],1 regimental combat team [1] 1 tank battalion [1] 1 tank company [1] 1 tank destroyer battalion [1],,100,Battle of Clervaux,Battle of the Bulge,,https://en.wikipedia.org/wiki/Battle_of_Clervaux
United States,Germany,"12,500 KIA, WIA, POW, or MIA [4] :  345,347,487 88 tanks, 25 armored cars [1]",Unknown,,Bruce C. Clarke,Walter Model   Hasso von Manteuffel,,16–21 December 1944,"St. Vith, Belgium50°16′55″N 6°7′36″E﻿ / ﻿50.28194°N 6.12667°E﻿ / 50.28194; 6.12667Coordinates: 50°16′55″N 6°7′36″E﻿ / ﻿50.28194°N 6.12667°E﻿ / 50.28194; 6.12667","German tactical victory, but overall strategy ruined by Allied defense",,"22,000 men [1]","100,000+ men [2] [3] 500 tanks [3]",,100,Battle of St. Vith,Battle of the Bulge,,https://en.wikipedia.org/wiki/Battle_of_St._Vith
United States,Germany,"3,000+ total casualties (2,000 in the  101st ) [8]",Unknown,,"Anthony McAuliffe  (101st Airborne)  William L. Roberts (Combat Command B (CCB), 10th Armored Division)   Creighton Abrams  (37th Tank Battalion, 4th Armored Division)   George S. Patton  (Third Army)",Hasso von Manteuffel  (5th Panzer Army)   Heinrich Freiherr von Lüttwitz  (XLVII Panzer Corps)   Wilhelm Mohnke  ( I SS Panzer Corps ),,20–27 December 1944,"Bastogne, Belgium50°00′00″N 5°43′17″E﻿ / ﻿50.0°N 5.7214°E﻿ / 50.0; 5.7214Coordinates: 50°00′00″N 5°43′17″E﻿ / ﻿50.0°N 5.7214°E﻿ / 50.0; 5.7214",American victory,,"101st : 11,000 [5]  enlisted + 800 officers Remaining units: 11,000+ [6] Total:  22,800+ men","54,000+ men [7]",,100,Siege of Bastogne,Battle of the Bulge,,https://en.wikipedia.org/wiki/Siege_of_Bastogne
United Kingdom   United States   Canada   New Zealand   Poland [1] [Notes 1],Germany,See Aftermath and casualties,See Aftermath and casualties,,Arthur Coningham   Jimmy Doolittle   Hoyt Vandenberg,Werner Kreipe Joseph Schmid Dietrich Peltz Karl Hentschel Gotthard Handrick,,1 January 1945,"Belgium, the Netherlands and France","German operational failure[2][3]

Pyrrhic German tactical success[4][5][6]
Strategic German exhaustion[7][8]",,,,,100,Operation Bodenplatte,Battle of the Bulge,,https://en.wikipedia.org/wiki/Operation_Bodenplatte
"United States 
   United Kingdom 
   France 
   Canada 
   Belgium 
   Luxembourg",Germany,"American 
 89,500 [5] [b] (includes killed, wounded, missing, captured) 
 733 tanks and tank destroyers lost [6] 
 ~1,000 aircraft lost, over 647 in December [7]  and 353 during  Unternehmen Bodenplatte [8] 
  British 
 1,408 (200 killed, 969 wounded, and 239 missing) [9]","German 
 63,222 [10] [11] [c]  – 98,000 [12] (includes killed, wounded, missing, captured) 
 554 tanks, tank destroyers and assault guns lost [13] 
 ~800 aircraft lost, at least 500 in December and 280 during  Unternehmen Bodenplatte [8]",,Dwight D. Eisenhower ( Supreme Allied Commander )   Bernard Montgomery ( 21st Army Group )   Omar Bradley ( 12th Army Group )   George S. Patton Jr ( Third Army )   Courtney Hodges ( First Army )   William Hood Simpson ( Ninth Army ),Adolf Hitler ( Supreme Commander of OKH )   Walter Model ( Army Group B )   Gerd von Rundstedt ( OB West )   Hasso von Manteuffel ( 5th Panzer Army )   Sepp Dietrich ( 6th Panzer Army )   Erich Brandenberger ( 7th Army ),,"16 December 1944 – 25 January 1945(1 month, 1 week and 2 days)","The Ardennes: Belgium, Luxembourg, Germany","Allied victory

Western Allied offensive plans delayed by five or six weeks[1]
German offensive exhausts their resources on Western Front.
German collapse opens way for the Allies to ultimately break the Siegfried Line.
Soviet offensive in Poland launched on 12 January 1945, eight days earlier than originally intended.[2]",,"December 16 
 228,741 men 
 483 tanks 
 499 tank destroyers and assault guns 
 1,921 other  Armoured fighting vehicles (AFVs) 
 971 anti-tank and artillery pieces 
 6 infantry divisions 
 2 armored divisions 
 December 24 
 ~541,000 men 
 1,616 tanks 
 1,713 tank destroyers and assault guns 
 5,352 other AFVs 
 2,408 anti-tank and artillery pieces 
 15 infantry divisions 
 6 armored divisions 
 1 armored brigade 
 January 2 
 ~705,000 men 
 2,409 tanks 
 1,970 tank destroyers and assault guns 
 7,769 other AFVs 
 3,305 anti-tank and artillery pieces 
 22 infantry divisions 
 8 armored divisions 
 2 armored brigades 
 January 16 
 700,520 men 
 2,428 tanks 
 1,912 tank destroyers and assault guns 
 7,079 other AFVs 
 3,181 anti-tank and artillery pieces 
 22 infantry divisions 
 8 armored divisions 
 2 armored brigades [3]","December 16 
 406,342 men 
 557 tanks 
 667 tank destroyers and assault guns 
 1,261 other AFVs 
 4,224 anti-tank and artillery pieces 
 13 infantry divisions [a] 
 7 armored divisions 
 1 brigade: 1 brigade [4] 
 December 24 
 ~449,000 men 
 423 tanks 
 608 tank destroyers and assault guns 
 1,496 other AFVs 
 4,131 anti-tank and artillery pieces 
 16 infantry divisions 
 8 armored divisions 
 1 armored brigade 
 2 infantry brigades 
 January 2 
 ~401,000 men 
 287 tanks 
 462 tank destroyers and assault guns 
 1,090 other AFVs 
 3,396 anti-tank and artillery pieces 
 15 infantry divisions 
 8 armored divisions 
 1 armored brigade 
 2 infantry brigades 
 January 16 
 383,016 men 
 216 tanks 
 414 tank destroyers and assault guns 
 907 other AFVs 
 3,256 anti-tank and artillery pieces 
 16 infantry divisions 
 8 armored divisions 
 2 infantry brigades [3]",,1,Battle of the Bulge,Western Front,December 1944 – January 1945,https://en.wikipedia.org/wiki/Battle_of_the_Bulge
United States   France,Germany,"United States : 11,609 [2] -14,716 [3] [a]  killed and wounded   France : 2,000 [4] : 922","22,932 [5] [4] : 922",,Jacob L. Devers Alexander Patch Jean de Lattre de Tassigny,Johannes Blaskowitz Hans von Obstfelder Heinrich Himmler Siegfried Rasp,,31 December 1944 – 25 January 1945 (1944-12-31 – 1945-01-25),"Alsace and Lorraine, France and Rhineland-Palatinate, Germany",German operational failure,,"295,000 men  230,000 men [1]",Unknown,,100,Operation Nordwind,Western Front,January 1945,https://en.wikipedia.org/wiki/Operation_Nordwind
France   United States,Germany,": 13,390 [1] : 8,000 [2]","At least 22,000; possibly as high as 38,500 [3]",,Jacob L. Devers   Jean de Lattre de Tassigny   Antoine Béthouart   Goislard de Monsabert   Frank W. Milburn,Heinrich Himmler Siegfried Rasp Erich Abraham Max Grimmeiss,,20 January – 9 February 1945,"Around Colmar, Alsace48°4′50″N 7°21′36″E﻿ / ﻿48.08056°N 7.36000°E﻿ / 48.08056; 7.36000﻿ (Colmar)Coordinates: 48°4′50″N 7°21′36″E﻿ / ﻿48.08056°N 7.36000°E﻿ / 48.08056; 7.36000﻿ (Colmar)",Allied victory,,"Initial: 5 French infantry divisions 2 French armored divisions 2 U.S. infantry divisions 
 
Reinforcements: 1 French armored division 1 U.S. armored division 1 U.S. infantry division",7 infantry divisions 1 mountain division 1  Panzer  brigade,,100,Colmar Pocket,Western Front,,https://en.wikipedia.org/wiki/Colmar_Pocket
United Kingdom   Canada,Germany,"1,152 casualties 20 tanks destroyed 23 tanks broken down 4 aircraft destroyed 2 aircraft crashed","2,000 casualties",,Neil Ritchie   Lewis Lyne   Gwilym Ivor Thomas   Edmund Hakewill-Smith,Günther Blumentritt,,14–27 January 1945,Limburg (Netherlands) and Heinsberg (Germany),British victory,,1 armoured division 2 infantry divisions 1 commando brigade,2 infantry divisions 2 paratroop regiments 1 heavy panzer battalion,,100,Operation Blackcock,Western Front,January 1945,https://en.wikipedia.org/wiki/Operation_Blackcock
United Kingdom     Canada,Germany,"15,634 casualties [a]","~44,239 casualties [b]",,Bernard Montgomery   Harry Crerar   Brian Horrocks,Alfred Schlemm,,8 February – 11 March 1945(1 month and 3 days),"Reichswald Forest (Germany), and adjacent areas51°44′N 6°02′E﻿ / ﻿51.733°N 6.033°E﻿ / 51.733; 6.033Coordinates: 51°44′N 6°02′E﻿ / ﻿51.733°N 6.033°E﻿ / 51.733; 6.033",Allied victory,,"200,000 men [ citation needed ] 1,400 guns 35,000 vehicles","90,000 men 1,054 guns 700 mortars",,100,Operation Veritable,Western Front,February 1945,https://en.wikipedia.org/wiki/Operation_Veritable
United States,Germany,"1,330 killed Total : 7,478 [1]","16,000 killed or missing 29,739 captured Total : 45,739 [a]",,William H. Simpson,Gustav-Adolf von Zangen   Alfred Schlemm,,23 February–10 March 1945(2 weeks and 1 day),"Rhineland, Germany",American victory,,"380,000 1,400 tanks 2,070 guns 375 aircraft [1]","54,000 180 tanks",,100,Operation Grenade,Western Front,February 1945,https://en.wikipedia.org/wiki/Operation_Grenade
United States   Belgium,Germany,"At least 990 casualties, 30+ tanks [1] [2] [3] [4]","Unknown, 19,000 captured [5]",,Courtney Hodges,Erich Brandenberger,,7–25 March 1945,"Remagen, Rhine Province, Germany50°34′45″N 7°14′39″E﻿ / ﻿50.57917°N 7.24417°E﻿ / 50.57917; 7.24417Coordinates: 50°34′45″N 7°14′39″E﻿ / ﻿50.57917°N 7.24417°E﻿ / 50.57917; 7.24417","Allied victory

Allies secure intact bridge over Rhine",,1st Army,7th Army,,100,Battle of Remagen,Operation Lumberjack,,https://en.wikipedia.org/wiki/Battle_of_Remagen
United States   Belgium [1],Germany,"1,090–2,000 casualties [2] [3] [4] [5]","5,700+ killed & wounded 19,000 captured [2] [6] Total : 24,700 casualties",,Courtney Hodges,Erich Brandenberger,,1–25 March 1945,"Remagen, Rhineland-Palatinate, Germany50°34′45″N 7°14′39″E﻿ / ﻿50.57917°N 7.24417°E﻿ / 50.57917; 7.24417Coordinates: 50°34′45″N 7°14′39″E﻿ / ﻿50.57917°N 7.24417°E﻿ / 50.57917; 7.24417",Allied victory,,1st Army,7th Army,,1,Operation Lumberjack,Western Front,Battle of Remagen,https://en.wikipedia.org/wiki/Operation_Lumberjack
United States   France,Germany,"12,887 (est.)","22,000 (POW)",,Jacob L. Devers,Paul Hausser,,15–24 March 1945,75 km sector between Saarbrücken and Hagenau,Allied victory,,,,,100,Operation Undertone,Western Allied invasion of Germany,,https://en.wikipedia.org/wiki/Operation_Undertone
United Kingdom   United States   Canada,Germany,"2,378–2,700 casualties [Note 3] 72 aircraft [Note 4]","Unknown total casualties 3,500 captured [1]",,Bernard Montgomery   Eric Bols   Matthew Ridgway   William Miley,Günther Blumentritt,,24 March 1945,"Wesel, Germany",Allied victory,,"16,870 [Note 1]","8,000 (est.) [Note 2]",,100,Operation Varsity,Operation Plunder,,https://en.wikipedia.org/wiki/Operation_Varsity
United Kingdom   United States   Canada,Germany,"United Kingdom 
 3,968 casualties [2] 
 United States 
 2,813 casualties [2] 
 6,781 casualties total","16,000 captured [2]",,Bernard Montgomery   Miles Dempsey   William H. Simpson,Johannes Blaskowitz   Alfred Schlemm,,23–27 March 1945 (1945-03-23 – 1945-03-27),"Lower Rhine region, Germany",Allied victory,,"1,284,712 men 5,481 artillery pieces [1]","69,000 men 45 tanks",,3,Operation Plunder,Western Allied invasion of Germany,Operation Varsity,https://en.wikipedia.org/wiki/Operation_Plunder
United States   United Kingdom   ( German resistance ),Germany,"1,500 killed 8,000 wounded 500 missing Total : 10,000 [1]","thousands killed [1] 317,000 captured [2]",,Omar Bradley   Bernard Montgomery   Courtney H. Hodges   William H. Simpson   Leonard T. Gerow,Walter Model   †   Gustav-Adolf von Zangen     Josef Harpe,,1–18 April 1945(2 weeks and 3 days),"Ruhr Area, Germany",Allied victory,,"13 divisions, elements of 6 corps 400,000","370,000 (of which 75,000 were armed)",,100,Ruhr Pocket,Western Allied invasion of Germany,,https://en.wikipedia.org/wiki/Ruhr_Pocket
United States,Germany,unknown,"50+ killed 5,400+ captured",,Horace McBride,Johannes Erxleben,,1–4 April 1945,"Kassel, Germany",American victory,,unknown,"6,000",,100,Battle of Kassel,Western Allied invasion of Germany,,https://en.wikipedia.org/wiki/Battle_of_Kassel_(1945)
United States,Germany,60 killed 250 wounded 112 missing Total : 422 [1],"1,500 captured",,Withers A. Burress,Georg Bochmann,,4–12 April 1945,"Heilbronn, Germany",American victory,,,,,100,Battle of Heilbronn,Western Allied invasion of Germany,,https://en.wikipedia.org/wiki/Battle_of_Heilbronn_(1945)
France   United Kingdom   Netherlands   Canada,Germany,34 killed 60 wounded 69 captured [1],300 killed or wounded 187 captured [2],,,,Mike Calvert   Pierre Sicaud,7–8 April 1945,"Drenthe, Netherlands",Allied victory,,"Special Air Service 
 
 3 SAS (French) 
 4 SAS (French) 
  8th Reconnaissance Regiment",Elements of the  25th Army,,100,Operation Amherst,Western Allied invasion of Germany,,https://en.wikipedia.org/wiki/Operation_Amherst
United States,"Germany 
 
   Russian Liberation Army",,,,Wade Haislip,Karl Holz   † [1],,16–20 April 1945,"Nuremberg, Germany",American victory,,"45,000 troops [2]","2 divisions 2 regiments Several ad-hoc units of  Luftwaffe ,  Volkssturm  and RLA troops (est. 22,000) [3]",,100,Battle of Nuremberg,Western Allied invasion of Germany,,https://en.wikipedia.org/wiki/Battle_of_Nuremberg_(1945)
United Kingdom,Germany,,Heavy,,Miles Dempsey   Evelyn Barker   Lewis Lyne,Kurt Student   Alwin Wolz   ( POW ),,18 April – 3 May 1945,"Hamburg, Germany",British victory,,"3 Divisions ~10,000 troops","2 Divisions (Understrength) ~3,000 troops",,100,Battle of Hamburg,Western Allied invasion of Germany,,https://en.wikipedia.org/wiki/Battle_of_Hamburg_(1945)
United States   United Kingdom   France   Canada   Poland,"Germany   
 
   Hungary [1]","American : 62,704 casualties (including 15,009 killed) [11] Canadian : 6,298 casualties (including 1,482 killed) [12] British : unknown French : unknown","January-May 1945 : 265,000 to 400,000 (For all fronts) [13] 200,000 captured (January-March) 4,400,000 surrendered (April–June) [14]",,Dwight Eisenhower   Bernard Montgomery   Omar Bradley   Jacob Devers   Jean de Lattre de Tassigny,Adolf Hitler   †   Albert Kesselring   Robert von Greim   Gerd von Rundstedt   Walter Model   †   Paul Hausser   Johannes Blaskowitz,,22 March – 8 May 1945,"Western Germany, Southern Germany","Decisive Allied victory

Fall of Nazi Germany
End of World War II in Europe (concurrently with the Eastern Front)",,"4,500,000 (91 Divisions) [2] [3] 17,000 tanks [4] 28,000 combat aircraft [5] 63,000 artillery pieces [6] 970,000 vehicles [5]","Initial : 1,000,000  [7] [8] 500 operational tanks/assault guns [9] 2,000 operational combat aircraft [10]",,1,Western Allied invasion of Germany,Western Front,March – May 1945,https://en.wikipedia.org/wiki/Western_Allied_invasion_of_Germany
United Kingdom   Canada,Germany,62 killed 134 wounded,# Casualties unknown 600 captured,,Charles Foulkes   Stuart Rawlins,Johannes Blaskowitz   Philipp Kleffel,,12–16 April 1945,"Arnhem, Netherlands",Allied Victory,,1 infantry division plus Armoured support,"* Estimated over 1,000 men",,100,Liberation of Arnhem,Western Front,,https://en.wikipedia.org/wiki/Liberation_of_Arnhem
Canada,Germany,43 dead 166 wounded,"130 dead  [1]   5,212 captured  [2]",,Bruce Matthews,Karl Böttcher,,"April 14–18, 1945","Groningen, Netherlands",Allied victory,,"~14,000","~7,500",,100,Battle of Groningen,Western Front,,https://en.wikipedia.org/wiki/Battle_of_Groningen
