,address_type,agency,agency_name,bbl,borough,city,closed_date,community_board,complaint_type,created_date,cross_street_1,cross_street_2,descriptor,facility_type,incident_address,incident_zip,intersection_street_1,intersection_street_2,landmark,latitude,location,location_type,longitude,open_data_channel_type,park_borough,park_facility_name,resolution_action_updated_date,resolution_description,status,street_name,taxi_pick_up_location,unique_key,x_coordinate_state_plane,y_coordinate_state_plane
0,,NYPD,New York City Police Department,1020240031,MANHATTAN,NEW YORK,,10 MANHATTAN,Blocked Driveway,2019-07-24T00:00:00.000,WEST  138 STREET,WEST  139 STREET,No Access,,2368 7 AVENUE,10030,WEST  138 STREET,WEST  139 STREET,7 AVENUE,40.817487060031596,"{'type': 'Point', 'coordinates': [-73.942119024906, 40.817487060032]}",Street/Sidewalk,-73.94211902490574,PHONE,MANHATTAN,Unspecified,,,In Progress,7 AVENUE,,43357228,1000271,237115
1,ADDRESS,HPD,Department of Housing Preservation and Development,4126240052,QUEENS,Saint Albans,,12 QUEENS,WATER LEAK,2019-07-24T00:00:06.000,,,HEAVY FLOW,,118-31 199 STREET,11412,,,,40.69251446377858,"{'type': 'Point', 'coordinates': [-73.752606808451, 40.692514463779]}",RESIDENTIAL BUILDING,-73.7526068084515,PHONE,QUEENS,Unspecified,2019-07-24T00:00:00.000,The following complaint conditions are still open. HPD may attempt to contact you to verify the correction of the condition or may conduct an inspection.,Open,199 STREET,,43361208,1052855,191675
2,,NYPD,New York City Police Department,2026400001,BRONX,BRONX,,03 BRONX,Noise - Street/Sidewalk,2019-07-24T00:00:20.000,TRINITY AVENUE,TINTON AVENUE,Loud Music/Party,,765 EAST  165 STREET,10456,TRINITY AVENUE,TINTON AVENUE,EAST  165 STREET,40.824835843684674,"{'type': 'Point', 'coordinates': [-73.902995920536, 40.824835843685]}",Street/Sidewalk,-73.90299592053647,MOBILE,BRONX,Unspecified,,,In Progress,EAST  165 STREET,,43359095,1011097,239802
3,,NYPD,New York City Police Department,2031600014,BRONX,BRONX,,05 BRONX,Noise - Residential,2019-07-24T00:00:34.000,EAST BURNSIDE AVENUE,EAST  180 STREET,Banging/Pounding,,2076 CRESTON AVENUE,10453,EAST BURNSIDE AVENUE,EAST  180 STREET,CRESTON AVENUE,40.85368904676198,"{'type': 'Point', 'coordinates': [-73.903955136249, 40.853689046762]}",Residential Building/House,-73.90395513624917,ONLINE,BRONX,Unspecified,,,In Progress,CRESTON AVENUE,,43364632,1010820,250314
4,,NYPD,New York City Police Department,3000680001,BROOKLYN,BROOKLYN,,02 BROOKLYN,Noise - Residential,2019-07-24T00:00:58.000,BQE WESTBOUND ENTRANCE SANDS ST,BIKE PATH,Banging/Pounding,,177 SANDS STREET,11201,BQE WESTBOUND ENTRANCE SANDS ST,BIKE PATH,SANDS STREET,40.699800319891985,"{'type': 'Point', 'coordinates': [-73.983615937489, 40.699800319892]}",Residential Building/House,-73.98361593748928,ONLINE,BROOKLYN,Unspecified,,,In Progress,SANDS STREET,,43364040,988793,194233
5,,NYPD,New York City Police Department,4092290008,QUEENS,RICHMOND HILL,,09 QUEENS,Illegal Parking,2019-07-24T00:01:29.000,115 STREET,116 STREET,Commercial Overnight Parking,,115-24 MYRTLE AVENUE,11418,115 STREET,116 STREET,MYRTLE AVENUE,40.700302861752384,"{'type': 'Point', 'coordinates': [-73.83453152516, 40.700302861752]}",Street/Sidewalk,-73.8345315251598,MOBILE,QUEENS,Unspecified,,,In Progress,MYRTLE AVENUE,,43363897,1030131,194459
6,,NYPD,New York City Police Department,3013990034,BROOKLYN,BROOKLYN,,08 BROOKLYN,Noise - Residential,2019-07-24T00:01:54.000,PORTAL STREET,RALPH AVENUE,Banging/Pounding,,1360 EASTERN PARKWAY,11233,PORTAL STREET,RALPH AVENUE,EASTERN PARKWAY,40.66839779830249,"{'type': 'Point', 'coordinates': [-73.923467685804, 40.668397798302]}",Residential Building/House,-73.92346768580417,ONLINE,BROOKLYN,Unspecified,,,In Progress,EASTERN PARKWAY,,43361659,1005481,182801
7,,NYPD,New York City Police Department,1001400029,MANHATTAN,NEW YORK,,01 MANHATTAN,Drug Activity,2019-07-24T00:02:39.000,HUDSON STREET,GREENWICH STREET,Use Indoor,,135 READE STREET,10013,HUDSON STREET,GREENWICH STREET,READE STREET,40.71638494142861,"{'type': 'Point', 'coordinates': [-74.009660452761, 40.716384941429]}",Other,-74.0096604527606,ONLINE,MANHATTAN,Unspecified,,,In Progress,READE STREET,,43359474,981572,200275
8,INTERSECTION,DOT,Department of Transportation,,BROOKLYN,BROOKLYN,,02 BROOKLYN,Traffic Signal Condition,2019-07-24T00:03:00.000,,,Controller,N/A,,11201,HENRY STREET,JORALEMON STREET,,40.69314806434407,"{'type': 'Point', 'coordinates': [-73.995081304984, 40.693148064344]}",,-73.99508130498434,UNKNOWN,BROOKLYN,Unspecified,,,Open,,,43360079,985614,191809
9,,NYPD,New York City Police Department,1019330050,MANHATTAN,NEW YORK,,10 MANHATTAN,Noise - Residential,2019-07-24T00:03:15.000,ADAM CLAYTON POWELL JR BOULEVARD,FREDERICK DOUGLASS BOULEVARD,Banging/Pounding,,200 WEST  131 STREET,10027,ADAM CLAYTON POWELL JR BOULEVARD,FREDERICK DOUGLASS BOULEVARD,WEST  131 STREET,40.81281181632886,"{'type': 'Point', 'coordinates': [-73.945739269275, 40.812811816329]}",Residential Building/House,-73.94573926927536,ONLINE,MANHATTAN,Unspecified,,,In Progress,WEST  131 STREET,,43356882,999270,235411
10,,NYPD,New York City Police Department,3012730025,BROOKLYN,BROOKLYN,,09 BROOKLYN,Noise - Street/Sidewalk,2019-07-24T00:04:19.000,FRANKLIN AVENUE,BEDFORD AVENUE,Loud Talking,,1060 UNION STREET,11225,FRANKLIN AVENUE,BEDFORD AVENUE,UNION STREET,40.6694746414481,"{'type': 'Point', 'coordinates': [-73.956836105418, 40.669474641448]}",Street/Sidewalk,-73.95683610541815,MOBILE,BROOKLYN,Unspecified,,,In Progress,UNION STREET,,43359956,996224,183187
11,,NYPD,New York City Police Department,4099010016,QUEENS,HOLLIS,2019-07-24T01:25:43.000,12 QUEENS,Noise - Residential,2019-07-24T00:04:33.000,90 AVENUE,91 AVENUE,Loud Music/Party,,90-23 182 STREET,11423,90 AVENUE,91 AVENUE,182 STREET,40.710800349196994,"{'type': 'Point', 'coordinates': [-73.779721664287, 40.710800349197]}",Residential Building/House,-73.77972166428677,PHONE,QUEENS,Unspecified,2019-07-24T05:25:46.000,The Police Department responded to the complaint and with the information available observed no evid,Closed,182 STREET,,43359900,1045319,198317
12,,NYPD,New York City Police Department,2054140254,BRONX,BRONX,,10 BRONX,Noise - Commercial,2019-07-24T00:04:46.000,BAY VIEW AVENUE,OUTLOOK AVENUE,Loud Music/Party,,3318 GRISWOLD AVENUE,10465,BAY VIEW AVENUE,OUTLOOK AVENUE,GRISWOLD AVENUE,40.84494427797076,"{'type': 'Point', 'coordinates': [-73.815742336636, 40.844944277971]}",Store/Commercial,-73.81574233663599,MOBILE,BRONX,Unspecified,,,In Progress,GRISWOLD AVENUE,,43364148,1035230,247167
13,,NYPD,New York City Police Department,2028050010,BRONX,BRONX,,05 BRONX,Blocked Driveway,2019-07-24T00:04:50.000,MORRIS AVENUE,GRAND CONCOURSE,No Access,,106 MT HOPE PLACE,10453,MORRIS AVENUE,GRAND CONCOURSE,MT HOPE PLACE,40.84877931521459,"{'type': 'Point', 'coordinates': [-73.907992415838, 40.848779315215]}",Street/Sidewalk,-73.90799241583848,PHONE,BRONX,Unspecified,,,In Progress,MT HOPE PLACE,,43361797,1009705,248524
14,,NYPD,New York City Police Department,5035857501,STATEN ISLAND,STATEN ISLAND,2019-07-24T01:00:39.000,02 STATEN ISLAND,Illegal Parking,2019-07-24T00:04:55.000,SOUTH RAILROAD AVENUE,EDISON STREET,Blocked Hydrant,,100 COLFAX AVENUE,10306,SOUTH RAILROAD AVENUE,EDISON STREET,COLFAX AVENUE,40.57990536198665,"{'type': 'Point', 'coordinates': [-74.107779442435, 40.579905361987]}",Street/Sidewalk,-74.10777944243459,ONLINE,STATEN ISLAND,Unspecified,2019-07-24T05:00:45.000,The Police Department issued a summons in response to the complaint.,Closed,COLFAX AVENUE,,43360906,954311,150570
15,,DCA,Department of Consumer Affairs,1008150014,MANHATTAN,NEW YORK,,05 MANHATTAN,Consumer Complaint,2019-07-24T00:05:40.000,WEST   39 STREET,WEST   40 STREET,Ticket Broker,,1412 BROADWAY,10018,WEST   39 STREET,WEST   40 STREET,BROADWAY,40.753710520207974,"{'type': 'Point', 'coordinates': [-73.987046007326, 40.753710520208]}",Commercial Building,-73.98704600732566,ONLINE,MANHATTAN,Unspecified,,,In Progress,BROADWAY,,43355002,987839,213874
16,,NYPD,New York City Police Department,3063670011,BROOKLYN,BROOKLYN,2019-07-24T01:11:16.000,11 BROOKLYN,Noise - Residential,2019-07-24T00:06:06.000,86 STREET,BENSON AVENUE,Loud Music/Party,,8675 BAY   16 STREET,11214,86 STREET,BENSON AVENUE,BAY   16 STREET,40.60681090060609,"{'type': 'Point', 'coordinates': [-74.005484959504, 40.606810900606]}",Residential Building/House,-74.00548495950392,ONLINE,BROOKLYN,Unspecified,2019-07-24T05:11:21.000,The Police Department responded to the complaint and determined that police action was not necessary,Closed,BAY   16 STREET,,43362620,982727,160354
17,,NYPD,New York City Police Department,3073080062,BROOKLYN,BROOKLYN,,15 BROOKLYN,Noise - Residential,2019-07-24T00:06:51.000,AVENUE S,AVENUE T,Loud Talking,,1963 EAST   29 STREET,11229,AVENUE S,AVENUE T,EAST   29 STREET,40.603453968054744,"{'type': 'Point', 'coordinates': [-73.943471381294, 40.603453968055]}",Residential Building/House,-73.94347138129446,MOBILE,BROOKLYN,Unspecified,,,In Progress,EAST   29 STREET,,43359052,999947,159136
18,,NYPD,New York City Police Department,3050460054,BROOKLYN,BROOKLYN,,09 BROOKLYN,Noise - Residential,2019-07-24T00:07:14.000,HAWTHORNE STREET,WINTHROP STREET,Banging/Pounding,,594 ROGERS AVENUE,11225,HAWTHORNE STREET,WINTHROP STREET,ROGERS AVENUE,40.65724247848545,"{'type': 'Point', 'coordinates': [-73.953185816917, 40.657242478485]}",Residential Building/House,-73.95318581691672,ONLINE,BROOKLYN,Unspecified,,,In Progress,ROGERS AVENUE,,43357780,997239,178731
19,,NYPD,New York City Police Department,2030220031,BRONX,BRONX,,05 BRONX,Noise - Street/Sidewalk,2019-07-24T00:07:48.000,EAST  184 STREET,EAST  187 STREET,Loud Music/Party,,2405 MARION AVENUE,10458,EAST  184 STREET,EAST  187 STREET,MARION AVENUE,40.85896212835518,"{'type': 'Point', 'coordinates': [-73.895083359188, 40.858962128355]}",Street/Sidewalk,-73.8950833591879,PHONE,BRONX,Unspecified,,,In Progress,MARION AVENUE,,43361009,1013272,252238
20,,NYPD,New York City Police Department,3050260085,BROOKLYN,BROOKLYN,,09 BROOKLYN,Noise - Residential,2019-07-24T00:07:59.000,DEAD END,FLATBUSH AVENUE,Loud Music/Party,,2100 BEEKMAN PLACE,11225,DEAD END,FLATBUSH AVENUE,BEEKMAN PLACE,40.659998407531084,"{'type': 'Point', 'coordinates': [-73.960997983209, 40.659998407531]}",Residential Building/House,-73.96099798320904,ONLINE,BROOKLYN,Unspecified,,,In Progress,BEEKMAN PLACE,,43359464,995071,179734
21,,NYPD,New York City Police Department,4031100050,QUEENS,REGO PARK,,06 QUEENS,Illegal Parking,2019-07-24T00:08:00.000,63 AVENUE,63 DRIVE,Blocked Hydrant,,63-35 BOURTON STREET,11374,63 AVENUE,63 DRIVE,BOURTON STREET,40.72531940604121,"{'type': 'Point', 'coordinates': [-73.86685327004, 40.725319406041]}",Street/Sidewalk,-73.86685327003985,ONLINE,QUEENS,Unspecified,,,In Progress,BOURTON STREET,,43355799,1021155,203558
22,,NYPD,New York City Police Department,3065980019,BROOKLYN,BROOKLYN,2019-07-24T01:11:29.000,11 BROOKLYN,Blocked Driveway,2019-07-24T00:10:30.000,AVENUE O,AVENUE P,No Access,,1534 WEST    8 STREET,11204,AVENUE O,AVENUE P,WEST    8 STREET,40.609565389506095,"{'type': 'Point', 'coordinates': [-73.981956151603, 40.609565389506]}",Street/Sidewalk,-73.98195615160283,PHONE,BROOKLYN,Unspecified,2019-07-24T05:11:31.000,The Police Department responded to the complaint and took action to fix the condition.,Closed,WEST    8 STREET,,43361854,989260,161358
23,ADDRESS,DHS,Department of Homeless Services,1008010034,MANHATTAN,NEW YORK,2019-07-24T02:05:14.000,04 MANHATTAN,Homeless Person Assistance,2019-07-24T00:10:55.000,WEST 25 STREET,WEST 26 STREET,N/A,,769 6 AVENUE,10010,WEST   25 STREET,WEST   26 STREET,AVENUE OF THE AMERICAS,40.74461758965148,"{'type': 'Point', 'coordinates': [-73.991566077189, 40.744617589651]}",N/A,-73.99156607718896,MOBILE,MANHATTAN,Unspecified,2019-07-24T02:05:14.000,The mobile outreach response team went to the location provided but could not find the individual that you reported.,Closed,6 AVENUE,,43363992,986587,210561
24,ADDRESS,DOT,Department of Transportation,,MANHATTAN,,,Unspecified MANHATTAN,Street Light Condition,2019-07-24T00:11:00.000,1 AVE,YORK AVE,Street Light Out,,407 87 ST E,,,,,,,,,UNKNOWN,MANHATTAN,Unspecified,,,Open,87 ST E,,43360674,,
25,,NYPD,New York City Police Department,2043170040,BRONX,BRONX,2019-07-24T00:44:32.000,11 BRONX,Noise - Street/Sidewalk,2019-07-24T00:11:18.000,LYDIG AVENUE,PELHAM PARKWAY SOUTH,Loud Music/Party,,2185 BOLTON STREET,10462,LYDIG AVENUE,PELHAM PARKWAY SOUTH,BOLTON STREET,40.85589943998398,"{'type': 'Point', 'coordinates': [-73.868666822749, 40.855899439984]}",Street/Sidewalk,-73.86866682274923,MOBILE,BRONX,Unspecified,2019-07-24T04:44:38.000,The Police Department responded to the complaint and with the information available observed no evid,Closed,BOLTON STREET,,43364382,1020581,251132
26,,NYPD,New York City Police Department,4096680027,QUEENS,JAMAICA,,08 QUEENS,Noise - Residential,2019-07-24T00:12:46.000,135 STREET,138 STREET,Loud Music/Party,,135-25 HOOVER AVENUE,11435,135 STREET,138 STREET,HOOVER AVENUE,40.7136928466228,"{'type': 'Point', 'coordinates': [-73.822313163505, 40.713692846623]}",Residential Building/House,-73.82231316350537,PHONE,QUEENS,Unspecified,2019-07-24T04:18:59.000,Your complaint has been received by the Police Department and additional information will be availab,In Progress,HOOVER AVENUE,,43356608,1033509,199344
27,,NYPD,New York City Police Department,,MANHATTAN,NEW YORK,,03 MANHATTAN,Noise - Street/Sidewalk,2019-07-24T00:13:18.000,COLUMBIA STREET,EAST    3 STREET,Loud Music/Party,,3 AVENUE D,10009,COLUMBIA STREET,EAST    3 STREET,AVENUE D,40.72010251610345,"{'type': 'Point', 'coordinates': [-73.978646971682, 40.720102516103]}",Street/Sidewalk,-73.97864697168207,MOBILE,MANHATTAN,Unspecified,,,In Progress,AVENUE D,,43360561,990169,201630
28,,NYPD,New York City Police Department,3008730006,BROOKLYN,BROOKLYN,2019-07-24T00:47:08.000,07 BROOKLYN,Noise - Commercial,2019-07-24T00:13:41.000,17 STREET,18 STREET,Loud Talking,,627 5 AVENUE,11215,17 STREET,18 STREET,5 AVENUE,40.66335332312527,"{'type': 'Point', 'coordinates': [-73.991324039085, 40.663353323125]}",Club/Bar/Restaurant,-73.99132403908514,PHONE,BROOKLYN,Unspecified,2019-07-24T04:47:12.000,The Police Department responded to the complaint and with the information available observed no evid,Closed,5 AVENUE,,43358237,986657,180954
29,,NYPD,New York City Police Department,3009230056,BROOKLYN,BROOKLYN,,12 BROOKLYN,Noise - Residential,2019-07-24T00:16:24.000,8 AVENUE,9 AVENUE,Banging/Pounding,,849 42 STREET,11232,8 AVENUE,9 AVENUE,42 STREET,40.6449471267718,"{'type': 'Point', 'coordinates': [-73.997953225437, 40.644947126772]}",Residential Building/House,-73.99795322543724,PHONE,BROOKLYN,Unspecified,2019-07-24T04:43:24.000,Your complaint has been received by the Police Department and additional information will be availab,In Progress,42 STREET,,43364434,984818,174248
30,,NYPD,New York City Police Department,3033150001,BROOKLYN,BROOKLYN,2019-07-24T00:45:21.000,04 BROOKLYN,Noise - Residential,2019-07-24T00:17:36.000,CENTRAL AVENUE,WILSON AVENUE,Loud Talking,,120 MENAHAN STREET,11221,CENTRAL AVENUE,WILSON AVENUE,MENAHAN STREET,40.695464186095855,"{'type': 'Point', 'coordinates': [-73.919696978866, 40.695464186096]}",Residential Building/House,-73.91969697886626,PHONE,BROOKLYN,Unspecified,2019-07-24T04:45:25.000,The Police Department responded to the complaint and took action to fix the condition.,Closed,MENAHAN STREET,,43356062,1006518,192663
31,,DOT,Department of Transportation,,BRONX,,,03 BRONX,Street Sign - Dangling,2019-07-24T00:18:24.000,EAST  174 STREET,WASHINGTON AVENUE,"No Parking, Standing, Stopping",,EAST  174 STREET,10457,EAST  174 STREET,WASHINGTON AVENUE,,40.842989853876304,"{'type': 'Point', 'coordinates': [-73.900334692149, 40.842989853876]}",Street,-73.90033469214936,PHONE,BRONX,Unspecified,,,In Progress,EAST  174 STREET,,43355314,1011826,246417
32,INTERSECTION,DOT,Department of Transportation,,BROOKLYN,BROOKLYN,,09 BROOKLYN,Traffic Signal Condition,2019-07-24T00:19:00.000,,,Controller,N/A,,11225,ROGERS AVENUE,HAWTHORNE STREET,,40.657659698267935,"{'type': 'Point', 'coordinates': [-73.953217961604, 40.657659698268]}",,-73.95321796160368,UNKNOWN,BROOKLYN,Unspecified,,,Open,,,43363187,997230,178883
33,INTERSECTION,DOT,Department of Transportation,,MANHATTAN,,,Unspecified MANHATTAN,Traffic Signal Condition,2019-07-24T00:19:00.000,,,Controller,N/A,,,ST NICHOLAS AVE,192 ST W,,,,,,UNKNOWN,MANHATTAN,Unspecified,,,Open,,,43359745,,
34,,NYPD,New York City Police Department,1007230015,MANHATTAN,NEW YORK,,04 MANHATTAN,Noise - Street/Sidewalk,2019-07-24T00:19:19.000,9 AVENUE,10 AVENUE,Loud Music/Party,,415 WEST   25 STREET,10001,9 AVENUE,10 AVENUE,WEST   25 STREET,40.74804883018668,"{'type': 'Point', 'coordinates': [-74.001035798251, 40.748048830187]}",Street/Sidewalk,-74.00103579825134,MOBILE,MANHATTAN,Unspecified,,,In Progress,WEST   25 STREET,,43359449,983963,211811
35,,NYPD,New York City Police Department,4024850039,QUEENS,WOODSIDE,,05 QUEENS,Blocked Driveway,2019-07-24T00:19:39.000,72 PLACE,74 STREET,Partial Access,,72-96 CALAMUS AVENUE,11377,72 PLACE,74 STREET,CALAMUS AVENUE,40.734540259621035,"{'type': 'Point', 'coordinates': [-73.888679644316, 40.734540259621]}",Street/Sidewalk,-73.88867964431594,ONLINE,QUEENS,Unspecified,,,In Progress,CALAMUS AVENUE,,43356840,1015101,206909
36,,NYPD,New York City Police Department,4092290008,QUEENS,RICHMOND HILL,,09 QUEENS,Abandoned Vehicle,2019-07-24T00:20:25.000,115 STREET,116 STREET,With License Plate,,115-24 MYRTLE AVENUE,11418,115 STREET,116 STREET,MYRTLE AVENUE,40.700302861752384,"{'type': 'Point', 'coordinates': [-73.83453152516, 40.700302861752]}",Street/Sidewalk,-73.8345315251598,MOBILE,QUEENS,Unspecified,,,In Progress,MYRTLE AVENUE,,43364253,1030131,194459
37,,NYPD,New York City Police Department,3073080063,BROOKLYN,BROOKLYN,,15 BROOKLYN,Noise - Residential,2019-07-24T00:20:49.000,AVENUE S,AVENUE T,Loud Talking,,1961 EAST   29 STREET,11229,AVENUE S,AVENUE T,EAST   29 STREET,40.60348690737637,"{'type': 'Point', 'coordinates': [-73.943474954645, 40.603486907376]}",Residential Building/House,-73.94347495464471,ONLINE,BROOKLYN,Unspecified,,,In Progress,EAST   29 STREET,,43364637,999946,159148
38,,NYPD,New York City Police Department,1020360005,MANHATTAN,NEW YORK,2019-07-24T01:57:46.000,10 MANHATTAN,Noise - Street/Sidewalk,2019-07-24T00:20:50.000,FREDERICK DOUGLASS BOULEVARD,WEST  151 STREET,Loud Music/Party,,28 MACOMBS PLACE,10039,FREDERICK DOUGLASS BOULEVARD,WEST  151 STREET,MACOMBS PLACE,40.82617784562137,"{'type': 'Point', 'coordinates': [-73.938758330547, 40.826177845621]}",Street/Sidewalk,-73.93875833054713,ONLINE,MANHATTAN,Unspecified,2019-07-24T05:57:51.000,The Police Department responded to the complaint and took action to fix the condition.,Closed,MACOMBS PLACE,,43364628,1001199,240282
39,,NYPD,New York City Police Department,,BROOKLYN,BROOKLYN,,09 BROOKLYN,Noise - Residential,2019-07-24T00:21:44.000,DEAD END,FLATBUSH AVENUE,Loud Music/Party,,2112 BEEKMAN PLACE,11225,DEAD END,FLATBUSH AVENUE,BEEKMAN PLACE,40.66000386405235,"{'type': 'Point', 'coordinates': [-73.960900664188, 40.660003864052]}",Residential Building/House,-73.96090066418759,ONLINE,BROOKLYN,Unspecified,,,In Progress,BEEKMAN PLACE,,43359542,995098,179736
40,,NYPD,New York City Police Department,1011540101,MANHATTAN,NEW YORK,,07 MANHATTAN,Noise - Residential,2019-07-24T00:21:49.000,WEST   62 STREET,WEST   64 STREET,Banging/Pounding,,60 AMSTERDAM AVENUE,10023,WEST   62 STREET,WEST   64 STREET,AMSTERDAM AVENUE,40.77241034876891,"{'type': 'Point', 'coordinates': [-73.986168659467, 40.772410348769]}",Residential Building/House,-73.98616865946714,PHONE,MANHATTAN,Unspecified,,,In Progress,AMSTERDAM AVENUE,,43356274,988081,220687
41,,NYPD,New York City Police Department,3041540012,BROOKLYN,BROOKLYN,2019-07-24T01:38:09.000,05 BROOKLYN,Illegal Parking,2019-07-24T00:22:06.000,ATLANTIC AVENUE,LIBERTY AVENUE,Blocked Hydrant,,325 LOGAN STREET,11208,ATLANTIC AVENUE,LIBERTY AVENUE,LOGAN STREET,40.67840895376577,"{'type': 'Point', 'coordinates': [-73.877070577344, 40.678408953766]}",Street/Sidewalk,-73.8770705773437,MOBILE,BROOKLYN,Unspecified,2019-07-24T05:38:17.000,The Police Department issued a summons in response to the complaint.,Closed,LOGAN STREET,,43359450,1018347,186463
42,,NYPD,New York City Police Department,2022800069,BRONX,BRONX,,01 BRONX,Noise - Street/Sidewalk,2019-07-24T00:22:18.000,WILLIS AVENUE BRIDGE BIKE PATH,MAJOR DEEGAN EXPWY ET    2 NB,Loud Talking,,423 EAST  135 STREET,10454,WILLIS AVENUE BRIDGE BIKE PATH,MAJOR DEEGAN EXPWY ET    2 NB,EAST  135 STREET,40.80684588495222,"{'type': 'Point', 'coordinates': [-73.923478271419, 40.806845884952]}",Street/Sidewalk,-73.92347827141927,PHONE,BRONX,Unspecified,,,In Progress,EAST  135 STREET,,43363684,1005434,233242
43,,NYPD,New York City Police Department,1019880118,MANHATTAN,NEW YORK,,09 MANHATTAN,Noise - Vehicle,2019-07-24T00:22:29.000,AMSTERDAM AVENUE,BROADWAY,Car/Truck Music,,514 WEST  136 STREET,10031,AMSTERDAM AVENUE,BROADWAY,WEST  136 STREET,40.82003081301524,"{'type': 'Point', 'coordinates': [-73.952850909447, 40.820030813015]}",Street/Sidewalk,-73.952850909447,ONLINE,MANHATTAN,Unspecified,,,In Progress,WEST  136 STREET,,43355010,997300,238040
44,,NYPD,New York City Police Department,1006440051,MANHATTAN,NEW YORK,,02 MANHATTAN,Noise - Commercial,2019-07-24T00:22:39.000,9 AVENUE,WASHINGTON STREET,Loud Music/Party,,10 LITTLE WEST   12 STREET,10014,9 AVENUE,WASHINGTON STREET,LITTLE WEST   12 STREET,40.73981712855611,"{'type': 'Point', 'coordinates': [-74.006802224671, 40.739817128556]}",Club/Bar/Restaurant,-74.00680222467082,ONLINE,MANHATTAN,Unspecified,,,In Progress,LITTLE WEST   12 STREET,,43363045,982365,208812
45,,NYPD,New York City Police Department,,MANHATTAN,NEW YORK,,03 MANHATTAN,Noise - Street/Sidewalk,2019-07-24T00:22:58.000,COLUMBIA STREET,EAST    3 STREET,Loud Music/Party,,3 AVENUE D,10009,COLUMBIA STREET,EAST    3 STREET,AVENUE D,40.72010251610345,"{'type': 'Point', 'coordinates': [-73.978646971682, 40.720102516103]}",Street/Sidewalk,-73.97864697168207,MOBILE,MANHATTAN,Unspecified,,,In Progress,AVENUE D,,43363580,990169,201630
46,,NYPD,New York City Police Department,1003550001,MANHATTAN,NEW YORK,2019-07-24T01:38:48.000,03 MANHATTAN,Noise - Street/Sidewalk,2019-07-24T00:23:10.000,STANTON STREET,AVENUE A,Loud Talking,,166 ESSEX STREET,10002,STANTON STREET,AVENUE A,ESSEX STREET,40.721539230903865,"{'type': 'Point', 'coordinates': [-73.986648207306, 40.721539230904]}",Street/Sidewalk,-73.98664820730578,MOBILE,MANHATTAN,Unspecified,2019-07-24T05:38:50.000,The Police Department responded to the complaint and took action to fix the condition.,Closed,ESSEX STREET,,43355171,987951,202153
47,,NYPD,New York City Police Department,4026470004,QUEENS,MASPETH,,05 QUEENS,Illegal Parking,2019-07-24T00:24:00.000,BEND,60 STREET,Blocked Hydrant,,56-11 62 AVENUE,11378,BEND,60 STREET,62 AVENUE,40.71360263196906,"{'type': 'Point', 'coordinates': [-73.906519704997, 40.713602631969]}",Street/Sidewalk,-73.90651970499735,ONLINE,QUEENS,Unspecified,,,In Progress,62 AVENUE,,43358667,1010165,199275
48,,NYPD,New York City Police Department,4094510078,QUEENS,SOUTH RICHMOND HILL,,09 QUEENS,Illegal Parking,2019-07-24T00:24:06.000,95 AVENUE,101 AVENUE,Posted Parking Sign Violation,,95-33 116 STREET,11419,95 AVENUE,101 AVENUE,116 STREET,40.691292676336985,"{'type': 'Point', 'coordinates': [-73.829509108672, 40.691292676337]}",Street/Sidewalk,-73.82950910867217,ONLINE,QUEENS,Unspecified,,,In Progress,116 STREET,,43359475,1031530,191179
49,,NYPD,New York City Police Department,4089640049,QUEENS,WOODHAVEN,,09 QUEENS,Blocked Driveway,2019-07-24T00:24:20.000,80 STREET,84 STREET,No Access,,80-19 90 ROAD,11421,80 STREET,84 STREET,90 ROAD,40.68746389087785,"{'type': 'Point', 'coordinates': [-73.860175236953, 40.687463890878]}",,-73.8601752369532,PHONE,QUEENS,Unspecified,,,In Progress,90 ROAD,,43360071,1023028,189769
50,,NYPD,New York City Police Department,,BRONX,,,02 BRONX,Noise - Residential,2019-07-24T00:24:41.000,FAILE STREET,SENECA AVENUE,Loud Music/Party,,FAILE STREET,10474,FAILE STREET,SENECA AVENUE,,40.81884937906388,"{'type': 'Point', 'coordinates': [-73.887624551073, 40.818849379064]}",Residential Building/House,-73.88762455107303,PHONE,BRONX,Unspecified,,,In Progress,FAILE STREET,,43364383,1015354,237626
51,,NYPD,New York City Police Department,3050260085,BROOKLYN,BROOKLYN,,09 BROOKLYN,Noise - Street/Sidewalk,2019-07-24T00:24:48.000,DEAD END,FLATBUSH AVENUE,Loud Music/Party,,2100 BEEKMAN PLACE,11225,DEAD END,FLATBUSH AVENUE,BEEKMAN PLACE,40.659998407531084,"{'type': 'Point', 'coordinates': [-73.960997983209, 40.659998407531]}",Street/Sidewalk,-73.96099798320904,ONLINE,BROOKLYN,Unspecified,,,In Progress,BEEKMAN PLACE,,43356827,995071,179734
52,,NYPD,New York City Police Department,3050440063,BROOKLYN,BROOKLYN,,09 BROOKLYN,Noise - Street/Sidewalk,2019-07-24T00:25:52.000,ROGERS AVENUE,NOSTRAND AVENUE,Loud Music/Party,,265 HAWTHORNE STREET,11225,ROGERS AVENUE,NOSTRAND AVENUE,HAWTHORNE STREET,40.65776607816228,"{'type': 'Point', 'coordinates': [-73.95160682332, 40.657766078162]}",Street/Sidewalk,-73.95160682331971,ONLINE,BROOKLYN,Unspecified,,,In Progress,HAWTHORNE STREET,,43357598,997677,178922
53,,NYPD,New York City Police Department,3077540074,BROOKLYN,BROOKLYN,2019-07-24T01:24:19.000,18 BROOKLYN,Blocked Driveway,2019-07-24T00:25:55.000,AVENUE H,AVENUE I,No Access,,1232 EAST   51 STREET,11234,AVENUE H,AVENUE I,EAST   51 STREET,40.63113427622336,"{'type': 'Point', 'coordinates': [-73.927177999691, 40.631134276223]}",Street/Sidewalk,-73.9271779996912,PHONE,BROOKLYN,Unspecified,2019-07-24T05:24:25.000,The Police Department responded and upon arrival those responsible for the condition were gone.,Closed,EAST   51 STREET,,43355990,1004463,169224
54,,NYPD,New York City Police Department,5003500012,STATEN ISLAND,STATEN ISLAND,,01 STATEN ISLAND,Noise - Residential,2019-07-24T00:25:57.000,WINTHROP PLACE,MANOR ROAD,Loud Talking,,1757 VICTORY BOULEVARD,10314,WINTHROP PLACE,MANOR ROAD,VICTORY BOULEVARD,40.613114014177505,"{'type': 'Point', 'coordinates': [-74.122186077183, 40.613114014178]}",Residential Building/House,-74.12218607718252,ONLINE,STATEN ISLAND,Unspecified,2019-07-24T04:54:03.000,Your complaint has been received by the Police Department and additional information will be availab,In Progress,VICTORY BOULEVARD,,43361714,950326,162674
55,INTERSECTION,DOT,Department of Transportation,,QUEENS,,,Unspecified QUEENS,Traffic Signal Condition,2019-07-24T00:27:00.000,,,Veh Signal Lamp,N/A,,,ASTORIA BLVD SOUTH,STEINWAY ST,,,,,,UNKNOWN,QUEENS,Unspecified,,,Open,,,43357436,,
56,,NYPD,New York City Police Department,1004670025,MANHATTAN,NEW YORK,,03 MANHATTAN,Noise - Residential,2019-07-24T00:27:05.000,3 AVENUE,2 AVENUE,Loud Music/Party,,232 EAST   12 STREET,10003,3 AVENUE,2 AVENUE,EAST   12 STREET,40.73145332756381,"{'type': 'Point', 'coordinates': [-73.986956522103, 40.731453327564]}",Residential Building/House,-73.98695652210309,ONLINE,MANHATTAN,Unspecified,,,In Progress,EAST   12 STREET,,43364928,987865,205765
57,,NYPD,New York City Police Department,1019880118,MANHATTAN,NEW YORK,,09 MANHATTAN,Noise - Street/Sidewalk,2019-07-24T00:27:15.000,AMSTERDAM AVENUE,BROADWAY,Loud Music/Party,,514 WEST  136 STREET,10031,AMSTERDAM AVENUE,BROADWAY,WEST  136 STREET,40.82003081301524,"{'type': 'Point', 'coordinates': [-73.952850909447, 40.820030813015]}",Street/Sidewalk,-73.952850909447,ONLINE,MANHATTAN,Unspecified,,,In Progress,WEST  136 STREET,,43356066,997300,238040
58,,NYPD,New York City Police Department,4017820055,QUEENS,CORONA,,03 QUEENS,Blocked Driveway,2019-07-24T00:27:39.000,37 AVENUE,38 AVENUE,No Access,,37-11 112 STREET,11368,37 AVENUE,38 AVENUE,112 STREET,40.75422745598617,"{'type': 'Point', 'coordinates': [-73.855700216098, 40.754227455986]}",Street/Sidewalk,-73.85570021609838,MOBILE,QUEENS,Unspecified,,,In Progress,112 STREET,,43355301,1024229,214095
59,,NYPD,New York City Police Department,2035330004,BRONX,BRONX,,09 BRONX,Illegal Parking,2019-07-24T00:27:42.000,PUGSLEY AVENUE,OLMSTEAD AVENUE,Blocked Hydrant,,2071 CAESAR PLACE,10473,PUGSLEY AVENUE,OLMSTEAD AVENUE,CAESAR PLACE,40.81780942230775,"{'type': 'Point', 'coordinates': [-73.851490677612, 40.817809422308]}",Street/Sidewalk,-73.8514906776119,MOBILE,BRONX,Unspecified,,,In Progress,CAESAR PLACE,,43361908,1025356,237262
60,,NYPD,New York City Police Department,2028460074,BRONX,BRONX,,04 BRONX,Noise - Residential,2019-07-24T00:28:38.000,EAST  172 STREET,EAST MT EDEN AVENUE,Banging/Pounding,,1505 TOWNSEND AVENUE,10452,EAST  172 STREET,EAST MT EDEN AVENUE,TOWNSEND AVENUE,40.842340146343126,"{'type': 'Point', 'coordinates': [-73.915038111528, 40.842340146343]}",Residential Building/House,-73.91503811152762,PHONE,BRONX,Unspecified,,,In Progress,TOWNSEND AVENUE,,43356286,1007758,246176
61,,DOT,Department of Transportation,3032030001,BROOKLYN,BROOKLYN,,04 BROOKLYN,Street Condition,2019-07-24T00:29:59.000,STARR STREET,WILLOUGHBY AVENUE,"Rough, Pitted or Cracked Roads",,64 IRVING AVENUE,11237,STARR STREET,WILLOUGHBY AVENUE,IRVING AVENUE,40.70432703822901,"{'type': 'Point', 'coordinates': [-73.923729399367, 40.704327038229]}",Street,-73.92372939936729,ONLINE,BROOKLYN,Unspecified,,,In Progress,IRVING AVENUE,,43359562,1005397,195891
62,,NYPD,New York City Police Department,4014530064,QUEENS,JACKSON HEIGHTS,,03 QUEENS,Noise - Street/Sidewalk,2019-07-24T00:30:00.000,34 AVENUE,35 AVENUE,Loud Music/Party,,34-13 92 STREET,11372,34 AVENUE,35 AVENUE,92 STREET,40.754198552904455,"{'type': 'Point', 'coordinates': [-73.875634942885, 40.754198552904]}",Street/Sidewalk,-73.87563494288499,PHONE,QUEENS,Unspecified,,,In Progress,92 STREET,,43362008,1018706,214076
63,,NYPD,New York City Police Department,4039570060,QUEENS,COLLEGE POINT,,07 QUEENS,Noise - Residential,2019-07-24T00:30:23.000,6 AVENUE,7 AVENUE,Loud Music/Party,,6-11 128 STREET,11356,6 AVENUE,7 AVENUE,128 STREET,40.79129076690949,"{'type': 'Point', 'coordinates': [-73.839874167142, 40.791290766909]}",Residential Building/House,-73.83987416714183,PHONE,QUEENS,Unspecified,,,In Progress,128 STREET,,43358206,1028589,227606
64,,DOT,Department of Transportation,3032030001,BROOKLYN,BROOKLYN,,04 BROOKLYN,Sidewalk Condition,2019-07-24T00:30:34.000,STARR STREET,WILLOUGHBY AVENUE,Broken Sidewalk,,64 IRVING AVENUE,11237,STARR STREET,WILLOUGHBY AVENUE,IRVING AVENUE,40.70432703822901,"{'type': 'Point', 'coordinates': [-73.923729399367, 40.704327038229]}",Sidewalk,-73.92372939936729,MOBILE,BROOKLYN,Unspecified,,,In Progress,IRVING AVENUE,,43356649,1005397,195891
65,,DOT,Department of Transportation,3032030001,BROOKLYN,BROOKLYN,,04 BROOKLYN,Curb Condition,2019-07-24T00:30:50.000,STARR STREET,WILLOUGHBY AVENUE,Broken Curb,,64 IRVING AVENUE,11237,STARR STREET,WILLOUGHBY AVENUE,IRVING AVENUE,40.70432703822901,"{'type': 'Point', 'coordinates': [-73.923729399367, 40.704327038229]}",Sidewalk,-73.92372939936729,MOBILE,BROOKLYN,Unspecified,,,In Progress,IRVING AVENUE,,43358222,1005397,195891
66,,NYPD,New York City Police Department,3050470029,BROOKLYN,BROOKLYN,,09 BROOKLYN,Blocked Driveway,2019-07-24T00:31:16.000,ROGERS AVENUE,NOSTRAND AVENUE,No Access,,270 HAWTHORNE STREET,11225,ROGERS AVENUE,NOSTRAND AVENUE,HAWTHORNE STREET,40.65775505957868,"{'type': 'Point', 'coordinates': [-73.951513122926, 40.657755059579]}",Street/Sidewalk,-73.9515131229257,ONLINE,BROOKLYN,Unspecified,,,In Progress,HAWTHORNE STREET,,43362499,997703,178918
67,ADDRESS,DHS,Department of Homeless Services,3032030001,BROOKLYN,BROOKLYN,2019-07-24T02:04:43.000,04 BROOKLYN,Homeless Person Assistance,2019-07-24T00:31:27.000,STARR STREET,WILLOUGHBY AVENUE,N/A,,64 IRVING AVENUE,11237,STARR STREET,WILLOUGHBY AVENUE,IRVING AVENUE,40.70432703822901,"{'type': 'Point', 'coordinates': [-73.923729399367, 40.704327038229]}",N/A,-73.92372939936729,MOBILE,BROOKLYN,N/A,2019-07-24T02:04:43.000,"The mobile outreach response team offered services to the individual, but the individual did not accept assistance.",Closed,IRVING AVENUE,,43364890,1005397,195891
68,,NYPD,New York City Police Department,4110240001,QUEENS,CAMBRIA HEIGHTS,2019-07-24T01:53:12.000,12 QUEENS,Noise - Residential,2019-07-24T00:31:33.000,114 DRIVE,115 AVENUE,Loud Music/Party,,114-72 FRANCIS LEWIS BOULEVARD,11411,114 DRIVE,115 AVENUE,FRANCIS LEWIS BOULEVARD,40.699926151457056,"{'type': 'Point', 'coordinates': [-73.747908935675, 40.699926151457]}",Residential Building/House,-73.74790893567476,PHONE,QUEENS,Unspecified,2019-07-24T05:53:16.000,The Police Department responded to the complaint and determined that police action was not necessary,Closed,FRANCIS LEWIS BOULEVARD,,43356993,1054150,194379
69,,NYPD,New York City Police Department,4034780014,QUEENS,RIDGEWOOD,2019-07-24T00:51:17.000,05 QUEENS,Noise - Commercial,2019-07-24T00:32:36.000,GATES AVENUE,PALMETTO STREET,Loud Music/Party,,675 WOODWARD AVENUE,11385,GATES AVENUE,PALMETTO STREET,WOODWARD AVENUE,40.7052281214301,"{'type': 'Point', 'coordinates': [-73.906232089364, 40.70522812143]}",Store/Commercial,-73.9062320893637,MOBILE,QUEENS,Unspecified,2019-07-24T04:51:22.000,The Police Department responded to the complaint and with the information available observed no evid,Closed,WOODWARD AVENUE,,43363188,1010248,196224
70,,NYPD,New York City Police Department,2032280009,BRONX,BRONX,,05 BRONX,Noise - Street/Sidewalk,2019-07-24T00:33:16.000,WEST BURNSIDE AVENUE,WEST  179 STREET,Loud Music/Party,,1901 HENNESSY PLACE,10453,WEST BURNSIDE AVENUE,WEST  179 STREET,HENNESSY PLACE,40.85440611052071,"{'type': 'Point', 'coordinates': [-73.915358877328, 40.854406110521]}",Street/Sidewalk,-73.9153588773285,MOBILE,BRONX,Unspecified,,,In Progress,HENNESSY PLACE,,43357279,1007665,250572
71,,DOT,Department of Transportation,1021400050,MANHATTAN,NEW YORK,,12 MANHATTAN,Street Condition,2019-07-24T00:35:12.000,,CROSS BRONX EXPWY SB ET    1 A,Plate Condition - Noisy,,1051 RIVERSIDE DRIVE,10032,,CROSS BRONX EXPWY SB ET    1 A,RIVERSIDE DRIVE,40.84239904986646,"{'type': 'Point', 'coordinates': [-73.944074301961, 40.842399049866]}",Street,-73.94407430196085,ONLINE,MANHATTAN,Unspecified,,,In Progress,RIVERSIDE DRIVE,,43361666,999724,246191
72,,NYPD,New York City Police Department,2027940049,BRONX,BRONX,,04 BRONX,Noise - Commercial,2019-07-24T00:35:22.000,MORRIS AVENUE,EASTBURN AVENUE,Loud Music/Party,,176 EAST  174 STREET,10457,MORRIS AVENUE,EASTBURN AVENUE,EAST  174 STREET,40.84480301027394,"{'type': 'Point', 'coordinates': [-73.908970163449, 40.844803010274]}",Store/Commercial,-73.90897016344935,ONLINE,BRONX,Unspecified,,,In Progress,EAST  174 STREET,,43355656,1009436,247075
73,,NYPD,New York City Police Department,3082790076,BROOKLYN,BROOKLYN,2019-07-24T01:37:54.000,18 BROOKLYN,Illegal Parking,2019-07-24T00:36:42.000,AVENUE M,AVENUE N,Blocked Hydrant,,1550 EAST   96 STREET,11236,AVENUE M,AVENUE N,EAST   96 STREET,40.63544972598064,"{'type': 'Point', 'coordinates': [-73.892912692299, 40.635449725981]}",Street/Sidewalk,-73.89291269229862,MOBILE,BROOKLYN,Unspecified,2019-07-24T05:37:57.000,The Police Department issued a summons in response to the complaint.,Closed,EAST   96 STREET,,43365030,1013972,170806
74,,NYPD,New York City Police Department,3013160001,BROOKLYN,BROOKLYN,,09 BROOKLYN,Noise - Street/Sidewalk,2019-07-24T00:37:36.000,NOSTRAND AVENUE,NEW YORK AVENUE,Loud Music/Party,,307 STERLING STREET,11225,NOSTRAND AVENUE,NEW YORK AVENUE,STERLING STREET,40.663161827629956,"{'type': 'Point', 'coordinates': [-73.950460294701, 40.66316182763]}",Street/Sidewalk,-73.95046029470076,MOBILE,BROOKLYN,Unspecified,,,In Progress,STERLING STREET,,43357294,997994,180888
75,,NYPD,New York City Police Department,4010840029,QUEENS,EAST ELMHURST,,03 QUEENS,Blocked Driveway,2019-07-24T00:37:47.000,23 AVENUE,24 AVENUE,Partial Access,,23-50 91 STREET,11369,23 AVENUE,24 AVENUE,91 STREET,40.76675923790524,"{'type': 'Point', 'coordinates': [-73.878893042073, 40.766759237905]}",Street/Sidewalk,-73.87889304207316,ONLINE,QUEENS,Unspecified,,,In Progress,91 STREET,,43361556,1017797,218651
76,,NYPD,New York City Police Department,2045060040,BRONX,BRONX,2019-07-24T00:41:33.000,11 BRONX,Noise - Residential,2019-07-24T00:39:22.000,BRITTON STREET,ARNOW AVENUE,Loud Music/Party,,2851 BARKER AVENUE,10467,BRITTON STREET,ARNOW AVENUE,BARKER AVENUE,40.86716705149454,"{'type': 'Point', 'coordinates': [-73.86920497547, 40.867167051495]}",Residential Building/House,-73.86920497547023,PHONE,BRONX,Unspecified,2019-07-24T04:41:36.000,The Police Department responded to the complaint and took action to fix the condition.,Closed,BARKER AVENUE,,43360072,1020426,255237
77,,NYPD,New York City Police Department,2028720200,BRONX,BRONX,,04 BRONX,Noise - Residential,2019-07-24T00:39:33.000,JESUP AVENUE,SHAKESPEARE AVENUE,Loud Music/Party,,65 JESUP PLACE,10452,JESUP AVENUE,SHAKESPEARE AVENUE,JESUP PLACE,40.84221221386234,"{'type': 'Point', 'coordinates': [-73.920383622338, 40.842212213862]}",Residential Building/House,-73.9203836223383,MOBILE,BRONX,Unspecified,,,In Progress,JESUP PLACE,,43363453,1006279,246128
78,,DPR,Department of Parks and Recreation,3022110047,BROOKLYN,BROOKLYN,,01 BROOKLYN,Damaged Tree,2019-07-24T00:39:34.000,BEDFORD AVENUE,LEE AVENUE,Branch Cracked and Will Fall,,137 PENN STREET,11211,BEDFORD AVENUE,LEE AVENUE,PENN STREET,40.70263179140826,"{'type': 'Point', 'coordinates': [-73.957673006635, 40.702631791408]}",Street,-73.95767300663545,PHONE,BROOKLYN,Unspecified,,,In Progress,PENN STREET,,43356259,995986,195267
79,,NYPD,New York City Police Department,3061580062,BROOKLYN,BROOKLYN,2019-07-24T01:41:32.000,11 BROOKLYN,Illegal Parking,2019-07-24T00:39:57.000,BAY RIDGE AVENUE,70 STREET,Blocked Hydrant,,6910 16 AVENUE,11204,BAY RIDGE AVENUE,70 STREET,16 AVENUE,40.619593507038005,"{'type': 'Point', 'coordinates': [-73.997420890952, 40.619593507038]}",Street/Sidewalk,-73.99742089095203,ONLINE,BROOKLYN,Unspecified,2019-07-24T05:41:35.000,The Police Department issued a summons in response to the complaint.,Closed,16 AVENUE,,43360899,984966,165011
80,,NYPD,New York City Police Department,4120150164,QUEENS,JAMAICA,,12 QUEENS,Illegal Parking,2019-07-24T00:41:37.000,FOCH BOULEVARD,119 AVENUE,Blocked Hydrant,,117-24 143 STREET,11436,FOCH BOULEVARD,119 AVENUE,143 STREET,40.67837391792168,"{'type': 'Point', 'coordinates': [-73.797862446147, 40.678373917922]}",Street/Sidewalk,-73.7978624461475,ONLINE,QUEENS,Unspecified,,,In Progress,143 STREET,,43358814,1040317,186491
81,,NYPD,New York City Police Department,4094130028,QUEENS,SOUTH RICHMOND HILL,,09 QUEENS,Illegal Parking,2019-07-24T00:41:54.000,95 AVENUE,101 AVENUE,Blocked Sidewalk,,95-50 112 STREET,11419,95 AVENUE,101 AVENUE,112 STREET,40.690427583868896,"{'type': 'Point', 'coordinates': [-73.832918934875, 40.690427583869]}",Street/Sidewalk,-73.83291893487477,ONLINE,QUEENS,Unspecified,,,In Progress,112 STREET,,43357903,1030585,190862
82,,NYPD,New York City Police Department,1021390310,MANHATTAN,NEW YORK,,12 MANHATTAN,Noise - Residential,2019-07-24T00:42:32.000,WEST  172 STREET,WEST  173 STREET,Banging/Pounding,,295 FT WASHINGTON AVENUE,10032,WEST  172 STREET,WEST  173 STREET,FT WASHINGTON AVENUE,40.84516398512291,"{'type': 'Point', 'coordinates': [-73.940613070509, 40.845163985123]}",Residential Building/House,-73.94061307050866,ONLINE,MANHATTAN,Unspecified,,,In Progress,FT WASHINGTON AVENUE,,43359543,1000681,247199
83,,NYPD,New York City Police Department,,BROOKLYN,,,02 BROOKLYN,Homeless Encampment,2019-07-24T00:42:35.000,DEKALB AVENUE,FLATBUSH AVENUE EXTENSION,N/A,,DEKALB AVENUE,11201,DEKALB AVENUE,FLATBUSH AVENUE EXTENSION,,40.68993255325202,"{'type': 'Point', 'coordinates': [-73.981472847198, 40.689932553252]}",Store/Commercial,-73.98147284719796,PHONE,BROOKLYN,Unspecified,,,In Progress,DEKALB AVENUE,,43362881,989388,190638
84,,NYPD,New York City Police Department,4016110024,QUEENS,CORONA,,04 QUEENS,Blocked Driveway,2019-07-24T00:42:37.000,97 STREET,97 PLACE,No Access,,96-30 41 AVENUE,11368,97 STREET,97 PLACE,41 AVENUE,40.747360321727434,"{'type': 'Point', 'coordinates': [-73.867307263814, 40.747360321727]}",Street/Sidewalk,-73.8673072638145,PHONE,QUEENS,Unspecified,,,In Progress,41 AVENUE,,43357271,1021017,211588
85,,NYPD,New York City Police Department,2030890049,BRONX,BRONX,,06 BRONX,Blocked Driveway,2019-07-24T00:45:05.000,EAST  183 STREET,EAST  187 STREET,Partial Access,,2333 BEAUMONT AVENUE,10458,EAST  183 STREET,EAST  187 STREET,BEAUMONT AVENUE,40.85310081053971,"{'type': 'Point', 'coordinates': [-73.885000205584, 40.85310081054]}",Street/Sidewalk,-73.88500020558389,MOBILE,BRONX,Unspecified,,,In Progress,BEAUMONT AVENUE,,43356217,1016064,250106
86,,NYPD,New York City Police Department,3049470059,BROOKLYN,BROOKLYN,,17 BROOKLYN,Blocked Driveway,2019-07-24T00:47:44.000,CLARENDON ROAD,AVENUE D,No Access,,1821 NOSTRAND AVENUE,11226,CLARENDON ROAD,AVENUE D,NOSTRAND AVENUE,40.64158151721655,"{'type': 'Point', 'coordinates': [-73.948570173398, 40.641581517217]}",Street/Sidewalk,-73.94857017339773,PHONE,BROOKLYN,Unspecified,,,In Progress,NOSTRAND AVENUE,,43358207,998523,173026
87,,NYPD,New York City Police Department,4088760006,QUEENS,WOODHAVEN,,09 QUEENS,Illegal Parking,2019-07-24T00:47:49.000,89 STREET,90 STREET,Blocked Hydrant,,89-20 PARK LANE SOUTH,11421,89 STREET,90 STREET,PARK LANE SOUTH,40.69709053328938,"{'type': 'Point', 'coordinates': [-73.856307126103, 40.697090533289]}",Street/Sidewalk,-73.85630712610279,ONLINE,QUEENS,Unspecified,,,In Progress,PARK LANE SOUTH,,43361555,1024095,193278
88,,DOHMH,Department of Health and Mental Hygiene,1010090019,MANHATTAN,NEW YORK,,05 MANHATTAN,Food Establishment,2019-07-24T00:49:34.000,AVENUE OF THE AMERICAS,6 1/2 AVENUE,Rodents/Insects/Garbage,,119 WEST   56 STREET,10019,AVENUE OF THE AMERICAS,6 1/2 AVENUE,WEST   56 STREET,40.76401850809139,"{'type': 'Point', 'coordinates': [-73.97853542441, 40.764018508091]}",Other (Explain Below),-73.97853542441007,ONLINE,MANHATTAN,Unspecified,,,In Progress,WEST   56 STREET,,43364586,990196,217630
89,ADDRESS,DOT,Department of Transportation,5022300026,STATEN ISLAND,STATEN ISLAND,,02 STATEN ISLAND,Street Light Condition,2019-07-24T00:50:00.000,ARLENE ST,SPEEDWELL AVE,Street Light Out,,69 SIDEVIEW AVENUE,10314,,,,40.60714776557805,"{'type': 'Point', 'coordinates': [-74.167221982443, 40.607147765578]}",,-74.16722198244274,UNKNOWN,STATEN ISLAND,Unspecified,,,Open,SIDEVIEW AVENUE,,43357302,937818,160521
90,,NYPD,New York City Police Department,4103520108,QUEENS,HOLLIS,,12 QUEENS,Non-Emergency Police Matter,2019-07-24T00:50:32.000,186 STREET,BEND,Trespassing,,186-02 JAMAICA AVENUE,11423,186 STREET,BEND,JAMAICA AVENUE,40.709966506342894,"{'type': 'Point', 'coordinates': [-73.772950468197, 40.709966506343]}",Store/Commercial,-73.77295046819653,PHONE,QUEENS,Unspecified,,,In Progress,JAMAICA AVENUE,,43354992,1047197,198018
91,INTERSECTION,DOT,Department of Transportation,,BRONX,,,Unspecified BRONX,Traffic Signal Condition,2019-07-24T00:51:00.000,,,Controller,N/A,,,SHERIDAN AVE,170 ST E,,,,,,UNKNOWN,BRONX,Unspecified,,,Open,,,43361617,,
92,,NYPD,New York City Police Department,1021390310,MANHATTAN,NEW YORK,,12 MANHATTAN,Noise - Residential,2019-07-24T00:51:28.000,WEST  172 STREET,WEST  173 STREET,Loud Music/Party,,295 FORT WASHINGTON AVENUE,10032,WEST  172 STREET,WEST  173 STREET,FT WASHINGTON AVENUE,40.84516398512291,"{'type': 'Point', 'coordinates': [-73.940613070509, 40.845163985123]}",Residential Building/House,-73.94061307050866,PHONE,MANHATTAN,Unspecified,,,In Progress,FORT WASHINGTON AVENUE,,43358199,1000681,247199
93,,NYPD,New York City Police Department,4068280015,QUEENS,FRESH MEADOWS,,08 QUEENS,Noise - Vehicle,2019-07-24T00:51:49.000,PARSONS BOULEVARD,160 STREET,Car/Truck Horn,,158-33 78 AVENUE,11366,PARSONS BOULEVARD,160 STREET,78 AVENUE,40.72238703289527,"{'type': 'Point', 'coordinates': [-73.809526041818, 40.722387032895]}",Street/Sidewalk,-73.8095260418184,ONLINE,QUEENS,Unspecified,2019-07-24T05:04:11.000,Your complaint has been received by the Police Department and additional information will be availab,In Progress,78 AVENUE,,43356870,1037047,202519
94,,NYPD,New York City Police Department,,QUEENS,,2019-07-24T01:46:11.000,10 QUEENS,Blocked Driveway,2019-07-24T00:52:40.000,113 STREET,LIBERTY AVENUE,No Access,,113 STREET,11419,113 STREET,LIBERTY AVENUE,,40.68539956933526,"{'type': 'Point', 'coordinates': [-73.829459273902, 40.685399569335]}",Street/Sidewalk,-73.82945927390192,PHONE,QUEENS,Unspecified,2019-07-24T05:46:18.000,The Police Department responded to the complaint and determined that police action was not necessary,Closed,113 STREET,,43363899,1031548,189032
95,,DPR,Department of Parks and Recreation,,BROOKLYN,,,17 BROOKLYN,Damaged Tree,2019-07-24T00:54:22.000,EAST   54 STREET,LENOX ROAD,Entire Tree Has Fallen Down,,EAST   54 STREET,11203,EAST   54 STREET,LENOX ROAD,,40.65557641052758,"{'type': 'Point', 'coordinates': [-73.926888223412, 40.655576410528]}",Street,-73.9268882234122,PHONE,BROOKLYN,Unspecified,,,In Progress,EAST   54 STREET,,43359901,1004536,178129
96,,NYPD,New York City Police Department,,BRONX,,,01 BRONX,Noise - Street/Sidewalk,2019-07-24T00:54:36.000,EAST  154 STREET,MELROSE AVENUE,Loud Music/Party,,EAST  154 STREET,10455,EAST  154 STREET,MELROSE AVENUE,,40.81952693219714,"{'type': 'Point', 'coordinates': [-73.916201698089, 40.819526932197]}",Street/Sidewalk,-73.916201698089,PHONE,BRONX,Unspecified,,,In Progress,EAST  154 STREET,,43355302,1007444,237864
97,,NYPD,New York City Police Department,3007590012,BROOKLYN,BROOKLYN,2019-07-24T01:47:54.000,07 BROOKLYN,Noise - Residential,2019-07-24T00:55:03.000,7 AVENUE,8 AVENUE,Loud Music/Party,,714 46 STREET,11220,7 AVENUE,8 AVENUE,46 STREET,40.64434874183544,"{'type': 'Point', 'coordinates': [-74.003037703315, 40.644348741835]}",Residential Building/House,-74.00303770331476,MOBILE,BROOKLYN,Unspecified,2019-07-24T05:47:58.000,The Police Department responded to the complaint and with the information available observed no evid,Closed,46 STREET,,43364384,983407,174030
98,,DOHMH,Department of Health and Mental Hygiene,1010090019,MANHATTAN,NEW YORK,,05 MANHATTAN,Food Establishment,2019-07-24T00:56:30.000,AVENUE OF THE AMERICAS,6 1/2 AVENUE,Rodents/Insects/Garbage,,118 WEST   57 STREET,10019,AVENUE OF THE AMERICAS,6 1/2 AVENUE,WEST   57 STREET,40.76466342784937,"{'type': 'Point', 'coordinates': [-73.978033433021, 40.764663427849]}",Restaurant/Bar/Deli/Bakery,-73.97803343302087,ONLINE,MANHATTAN,Unspecified,,,In Progress,WEST   57 STREET,,43364587,990335,217865
99,,NYPD,New York City Police Department,4012020021,QUEENS,WOODSIDE,,02 QUEENS,Homeless Encampment,2019-07-24T00:57:39.000,64 STREET,65 STREET,N/A,,64-20 35 AVENUE,11377,64 STREET,65 STREET,35 AVENUE,40.75033979232645,"{'type': 'Point', 'coordinates': [-73.898383591564, 40.750339792326]}",Street/Sidewalk,-73.8983835915638,ONLINE,QUEENS,Unspecified,,,In Progress,35 AVENUE,,43364984,1012405,212662
100,,NYPD,New York City Police Department,3033830036,BROOKLYN,BROOKLYN,2019-07-24T01:52:57.000,04 BROOKLYN,Blocked Driveway,2019-07-24T00:58:06.000,CORNELIA STREET,JEFFERSON AVENUE,Partial Access,,448 WILSON AVENUE,11221,CORNELIA STREET,JEFFERSON AVENUE,WILSON AVENUE,40.693139572178815,"{'type': 'Point', 'coordinates': [-73.91245155264, 40.693139572179]}",Street/Sidewalk,-73.9124515526404,PHONE,BROOKLYN,Unspecified,2019-07-24T05:52:59.000,The Police Department issued a summons in response to the complaint.,Closed,WILSON AVENUE,,43357249,1008528,191818
101,,NYPD,New York City Police Department,,BRONX,BRONX,,08 BRONX,Noise - Street/Sidewalk,2019-07-24T00:58:14.000,STRONG STREET,WEST  197 STREET,Loud Music/Party,,2796 UNIVERSITY AVENUE,10468,STRONG STREET,WEST  197 STREET,UNIVERSITY AVENUE,40.871509083463934,"{'type': 'Point', 'coordinates': [-73.899214450749, 40.871509083464]}",Street/Sidewalk,-73.89921445074862,PHONE,BRONX,Unspecified,,,In Progress,UNIVERSITY AVENUE,,43361982,1012124,256808
102,,NYPD,New York City Police Department,3037890011,BROOKLYN,BROOKLYN,2019-07-24T01:43:01.000,05 BROOKLYN,Blocked Driveway,2019-07-24T01:00:26.000,BLAKE AVENUE,DUMONT AVENUE,No Access,,421 PENNSYLVANIA AVENUE,11207,BLAKE AVENUE,DUMONT AVENUE,PENNSYLVANIA AVENUE,40.667049262958095,"{'type': 'Point', 'coordinates': [-73.894621040254, 40.667049262958]}",Street/Sidewalk,-73.89462104025431,PHONE,BROOKLYN,Unspecified,2019-07-24T05:43:03.000,The Police Department issued a summons in response to the complaint.,Closed,PENNSYLVANIA AVENUE,,43358863,1013484,182318
103,,NYPD,New York City Police Department,1019330050,MANHATTAN,NEW YORK,,10 MANHATTAN,Noise - Street/Sidewalk,2019-07-24T01:01:03.000,ADAM CLAYTON POWELL JR BOULEVARD,FREDERICK DOUGLASS BOULEVARD,Loud Music/Party,,200 WEST  131 STREET,10027,ADAM CLAYTON POWELL JR BOULEVARD,FREDERICK DOUGLASS BOULEVARD,WEST  131 STREET,40.81281181632886,"{'type': 'Point', 'coordinates': [-73.945739269275, 40.812811816329]}",Street/Sidewalk,-73.94573926927536,MOBILE,MANHATTAN,Unspecified,,,In Progress,WEST  131 STREET,,43363556,999270,235411
104,,NYPD,New York City Police Department,3019820069,BROOKLYN,BROOKLYN,,02 BROOKLYN,Noise - Street/Sidewalk,2019-07-24T01:01:29.000,GATES AVENUE,PUTNAM AVENUE,Loud Music/Party,,90 DOWNING STREET,11238,GATES AVENUE,PUTNAM AVENUE,DOWNING STREET,40.683342674459816,"{'type': 'Point', 'coordinates': [-73.960836502169, 40.68334267446]}",Street/Sidewalk,-73.9608365021689,MOBILE,BROOKLYN,Unspecified,,,In Progress,DOWNING STREET,,43356218,995112,188239
105,,NYPD,New York City Police Department,4012590016,QUEENS,JACKSON HEIGHTS,,03 QUEENS,Illegal Parking,2019-07-24T01:02:27.000,34 AVENUE,35 AVENUE,Blocked Hydrant,,34-22 73 STREET,11372,34 AVENUE,35 AVENUE,73 STREET,40.752080828305154,"{'type': 'Point', 'coordinates': [-73.893270203565, 40.752080828305]}",Street/Sidewalk,-73.89327020356538,MOBILE,QUEENS,Unspecified,,,In Progress,73 STREET,,43355298,1013821,213298
106,,DOT,Department of Transportation,3031710013,BROOKLYN,BROOKLYN,,04 BROOKLYN,Sidewalk Condition,2019-07-24T01:03:03.000,STANWIX STREET,EVERGREEN AVENUE,Broken Sidewalk,,48 JEFFERSON STREET,11206,STANWIX STREET,EVERGREEN AVENUE,JEFFERSON STREET,40.698645783803244,"{'type': 'Point', 'coordinates': [-73.933227890878, 40.698645783803]}",Sidewalk,-73.93322789087821,MOBILE,BROOKLYN,Unspecified,,,In Progress,JEFFERSON STREET,,43359104,1002765,193819
107,,NYPD,New York City Police Department,3014720005,BROOKLYN,BROOKLYN,,16 BROOKLYN,Illegal Parking,2019-07-24T01:03:08.000,EASTERN PARKWAY,ST JOHNS PLACE,Posted Parking Sign Violation,,459 SARATOGA AVENUE,11233,EASTERN PARKWAY,ST JOHNS PLACE,SARATOGA AVENUE,40.67015550968511,"{'type': 'Point', 'coordinates': [-73.917067078336, 40.670155509685]}",Street/Sidewalk,-73.91706707833619,ONLINE,BROOKLYN,Unspecified,,,In Progress,SARATOGA AVENUE,,43360568,1007256,183443
108,,NYPD,New York City Police Department,1019880121,MANHATTAN,NEW YORK,,09 MANHATTAN,Noise - Vehicle,2019-07-24T01:04:15.000,AMSTERDAM AVENUE,BROADWAY,Car/Truck Music,,518 WEST  136 STREET,10031,AMSTERDAM AVENUE,BROADWAY,WEST  136 STREET,40.82005828529021,"{'type': 'Point', 'coordinates': [-73.952912310285, 40.82005828529]}",Street/Sidewalk,-73.952912310285,ONLINE,MANHATTAN,Unspecified,,,In Progress,WEST  136 STREET,,43359470,997283,238050
109,,NYPD,New York City Police Department,4012590027,QUEENS,JACKSON HEIGHTS,,03 QUEENS,Illegal Parking,2019-07-24T01:04:45.000,34 AVENUE,35 AVENUE,Blocked Hydrant,,34-44 73 STREET,11372,34 AVENUE,35 AVENUE,73 STREET,40.751649829754676,"{'type': 'Point', 'coordinates': [-73.89319149058, 40.751649829755]}",Street/Sidewalk,-73.8931914905804,MOBILE,QUEENS,Unspecified,,,In Progress,73 STREET,,43361078,1013843,213141
110,,NYPD,New York City Police Department,4089490053,QUEENS,WOODHAVEN,,09 QUEENS,Blocked Driveway,2019-07-24T01:06:30.000,90 AVENUE,91 AVENUE,No Access,,90-25 75 STREET,11421,90 AVENUE,91 AVENUE,75 STREET,40.686940456487,"{'type': 'Point', 'coordinates': [-73.865465969959, 40.686940456487]}",Street/Sidewalk,-73.86546596995926,PHONE,QUEENS,Unspecified,,,In Progress,75 STREET,,43355220,1021561,189576
111,,NYPD,New York City Police Department,1019880118,MANHATTAN,NEW YORK,,09 MANHATTAN,Noise - Vehicle,2019-07-24T01:10:29.000,AMSTERDAM AVENUE,BROADWAY,Car/Truck Music,,514 WEST  136 STREET,10031,AMSTERDAM AVENUE,BROADWAY,WEST  136 STREET,40.82003081301524,"{'type': 'Point', 'coordinates': [-73.952850909447, 40.820030813015]}",Street/Sidewalk,-73.952850909447,ONLINE,MANHATTAN,Unspecified,,,In Progress,WEST  136 STREET,,43357813,997300,238040
112,,NYPD,New York City Police Department,4019180055,QUEENS,CORONA,,04 QUEENS,Noise - Residential,2019-07-24T01:10:44.000,96 STREET,97 STREET,Banging/Pounding,,96-08 57 AVENUE,11368,96 STREET,97 STREET,57 AVENUE,40.73697928571333,"{'type': 'Point', 'coordinates': [-73.864625202534, 40.736979285713]}",Residential Building/House,-73.86462520253363,PHONE,QUEENS,Unspecified,,,In Progress,57 AVENUE,,43364972,1021766,207807
113,,NYPD,New York City Police Department,3030700028,BROOKLYN,BROOKLYN,,01 BROOKLYN,Noise - Street/Sidewalk,2019-07-24T01:13:42.000,MANHATTAN AVENUE,GRAHAM AVENUE,Loud Music/Party,,131 BOERUM STREET,11206,MANHATTAN AVENUE,GRAHAM AVENUE,BOERUM STREET,40.70583715666907,"{'type': 'Point', 'coordinates': [-73.943651462687, 40.705837156669]}",Street/Sidewalk,-73.94365146268677,ONLINE,BROOKLYN,Unspecified,,,In Progress,BOERUM STREET,,43364082,999873,196437
114,ADDRESS,DOT,Department of Transportation,4071750042,QUEENS,Fresh Meadows,,08 QUEENS,Street Condition,2019-07-24T01:14:46.000,73 AVENUE,75 AVENUE,Pothole,,73-51 187 STREET,11366,,,,40.73251086995339,"{'type': 'Point', 'coordinates': [-73.78375605223, 40.732510869953]}",,-73.78375605223046,UNKNOWN,QUEENS,Unspecified,2019-07-24T01:14:46.000,The Department of Transportation referred this complaint to the appropriate Maintenance Unit for repair.,Open,187 STREET,,43356896,1044181,206224
115,,NYPD,New York City Police Department,2023750110,BRONX,BRONX,,01 BRONX,Noise - Street/Sidewalk,2019-07-24T01:14:55.000,MELROSE AVENUE,ELTON AVENUE,Loud Music/Party,,414 EAST  154 STREET,10455,MELROSE AVENUE,ELTON AVENUE,EAST  154 STREET,40.81936731704998,"{'type': 'Point', 'coordinates': [-73.915623831466, 40.81936731705]}",Street/Sidewalk,-73.9156238314657,PHONE,BRONX,Unspecified,,,In Progress,EAST  154 STREET,,43364579,1007604,237806
116,,NYPD,New York City Police Department,3050840042,BROOKLYN,BROOKLYN,,17 BROOKLYN,Noise - Street/Sidewalk,2019-07-24T01:16:48.000,BEDFORD AVENUE,ROGERS AVENUE,Loud Talking,,180 LENOX ROAD,11226,BEDFORD AVENUE,ROGERS AVENUE,LENOX ROAD,40.65391056381976,"{'type': 'Point', 'coordinates': [-73.953804432295, 40.65391056382]}",Street/Sidewalk,-73.95380443229466,PHONE,BROOKLYN,Unspecified,,,In Progress,LENOX ROAD,,43355307,997068,177517
117,,NYPD,New York City Police Department,4157640039,QUEENS,FAR ROCKAWAY,,14 QUEENS,Blocked Driveway,2019-07-24T01:18:10.000,AZTEC PLACE,BROOKHAVEN AVENUE,No Access,,563 GRASSMERE TERRACE,11691,AZTEC PLACE,BROOKHAVEN AVENUE,GRASSMERE TERRACE,40.59979061979396,"{'type': 'Point', 'coordinates': [-73.75945387614, 40.599790619794]}",Street/Sidewalk,-73.75945387613969,PHONE,QUEENS,Unspecified,,,In Progress,GRASSMERE TERRACE,,43358004,1051049,157888
118,,NYPD,New York City Police Department,2031290021,BRONX,BRONX,,06 BRONX,Noise - Residential,2019-07-24T01:18:25.000,DALY AVENUE,VYSE AVENUE,Banging/Pounding,,946 BRONX PARK SOUTH,10460,DALY AVENUE,VYSE AVENUE,BRONX PARK SOUTH,40.845640758492344,"{'type': 'Point', 'coordinates': [-73.879678320085, 40.845640758492]}",Residential Building/House,-73.87967832008482,MOBILE,BRONX,Unspecified,,,In Progress,BRONX PARK SOUTH,,43361933,1017540,247390
119,,NYPD,New York City Police Department,4090260001,QUEENS,OZONE PARK,,09 QUEENS,Blocked Driveway,2019-07-24T01:19:22.000,88 STREET,89 STREET,No Access,,88-04 95 AVENUE,11416,88 STREET,89 STREET,95 AVENUE,40.68545977887913,"{'type': 'Point', 'coordinates': [-73.85322049538, 40.685459778879]}",Street/Sidewalk,-73.85322049537984,PHONE,QUEENS,Unspecified,,,In Progress,95 AVENUE,,43358204,1024958,189042
120,,NYPD,New York City Police Department,4137050022,QUEENS,SPRINGFIELD GARDENS,,13 QUEENS,Illegal Parking,2019-07-24T01:21:01.000,147 AVENUE,148 AVENUE,Posted Parking Sign Violation,,147-31 225 STREET,11413,147 AVENUE,148 AVENUE,225 STREET,40.658556711061905,"{'type': 'Point', 'coordinates': [-73.756812725286, 40.658556711062]}",Street/Sidewalk,-73.75681272528553,PHONE,QUEENS,Unspecified,,,In Progress,225 STREET,,43355312,1051723,179300
121,,NYPD,New York City Police Department,3031870050,BROOKLYN,BROOKLYN,,04 BROOKLYN,Noise - Street/Sidewalk,2019-07-24T01:21:42.000,KNICKERBOCKER AVENUE,IRVING AVENUE,Loud Music/Party,,143 STARR STREET,11237,KNICKERBOCKER AVENUE,IRVING AVENUE,STARR STREET,40.70343568768109,"{'type': 'Point', 'coordinates': [-73.924790771095, 40.703435687681]}",Street/Sidewalk,-73.92479077109456,MOBILE,BROOKLYN,Unspecified,,,In Progress,STARR STREET,,43355146,1005103,195566
122,,NYPD,New York City Police Department,2028790045,BRONX,BRONX,,05 BRONX,Noise - Residential,2019-07-24T01:21:48.000,MORTON PLACE,WEST BURNSIDE AVENUE,Loud Music/Party,,1847 UNIVERSITY AVENUE,10453,MORTON PLACE,WEST BURNSIDE AVENUE,UNIVERSITY AVENUE,40.85164688761722,"{'type': 'Point', 'coordinates': [-73.914281600377, 40.851646887617]}",Residential Building/House,-73.91428160037674,PHONE,BRONX,Unspecified,,,In Progress,UNIVERSITY AVENUE,,43361074,1007964,249567
123,,NYPD,New York City Police Department,4095380008,QUEENS,SOUTH RICHMOND HILL,2019-07-24T01:45:20.000,10 QUEENS,Noise - Commercial,2019-07-24T01:22:20.000,115 STREET,116 STREET,Banging/Pounding,,115-22 LIBERTY AVENUE,11419,115 STREET,116 STREET,LIBERTY AVENUE,40.68576439562681,"{'type': 'Point', 'coordinates': [-73.827464394832, 40.685764395627]}",Club/Bar/Restaurant,-73.82746439483222,ONLINE,QUEENS,Unspecified,2019-07-24T05:45:23.000,The Police Department responded to the complaint and determined that police action was not necessary,Closed,LIBERTY AVENUE,,43358916,1032101,189166
124,,DOT,Department of Transportation,1022150538,BRONX,BRONX,,08 BRONX,Sidewalk Condition,2019-07-24T01:23:14.000,WEST  225 STREET,MARBLE HILL LANE,Broken Sidewalk,,22 MARBLE HILL AVENUE,10463,WEST  225 STREET,MARBLE HILL LANE,MARBLE HILL AVENUE,40.87516053965538,"{'type': 'Point', 'coordinates': [-73.910425607422, 40.875160539655]}",Sidewalk,-73.91042560742227,ONLINE,BRONX,Unspecified,,,In Progress,MARBLE HILL AVENUE,,43363982,1009022,258135
125,,NYPD,New York City Police Department,2025110095,BRONX,BRONX,,04 BRONX,Blocked Driveway,2019-07-24T01:23:59.000,WEST  163 STREET,WEST  164 STREET,No Access,,985 WOODYCREST AVENUE,10452,WEST  163 STREET,WEST  164 STREET,WOODYCREST AVENUE,40.832240389759164,"{'type': 'Point', 'coordinates': [-73.928312999169, 40.832240389759]}",Street/Sidewalk,-73.92831299916863,MOBILE,BRONX,Unspecified,,,In Progress,WOODYCREST AVENUE,,43357894,1004088,242493
126,,NYPD,New York City Police Department,2031440002,BRONX,BRONX,,05 BRONX,Noise - Vehicle,2019-07-24T01:24:53.000,EAST  180 STREET,EAST  181 STREET,Car/Truck Music,,2082 VALENTINE AVENUE,10457,EAST  180 STREET,EAST  181 STREET,VALENTINE AVENUE,40.852782576688604,"{'type': 'Point', 'coordinates': [-73.899882635158, 40.852782576689]}",,-73.89988263515792,PHONE,BRONX,Unspecified,,,In Progress,VALENTINE AVENUE,,43363220,1011947,249985
127,,NYPD,New York City Police Department,3015370001,BROOKLYN,BROOKLYN,,16 BROOKLYN,Noise - Street/Sidewalk,2019-07-24T01:25:02.000,HULL STREET,FULTON STREET,Loud Music/Party,,170 THOMAS BOYLAND STREET,11233,HULL STREET,FULTON STREET,THOMAS S BOYLAND STREET,40.6787249237629,"{'type': 'Point', 'coordinates': [-73.913638594234, 40.678724923763]}",Street/Sidewalk,-73.91363859423356,PHONE,BROOKLYN,Unspecified,,,In Progress,THOMAS BOYLAND STREET,,43358864,1008204,186566
128,,NYPD,New York City Police Department,4108210001,QUEENS,HOLLIS,,12 QUEENS,Noise - Residential,2019-07-24T01:25:44.000,JAMAICA AVENUE,WOODHULL AVENUE,Loud Music/Party,,91-61 193 STREET,11423,JAMAICA AVENUE,WOODHULL AVENUE,193 STREET,40.71183182753478,"{'type': 'Point', 'coordinates': [-73.76689499989, 40.711831827535]}",Residential Building/House,-73.76689499988953,PHONE,QUEENS,Unspecified,,,In Progress,193 STREET,,43355186,1048874,198702
129,,NYPD,New York City Police Department,4073100043,QUEENS,BAYSIDE,,11 QUEENS,Noise - Residential,2019-07-24T01:25:54.000,OCEANIA STREET,211 STREET,Banging/Pounding,,209-33 45 DRIVE,11361,OCEANIA STREET,211 STREET,45 DRIVE,40.75776424316724,"{'type': 'Point', 'coordinates': [-73.773170158402, 40.757764243167]}",,-73.77317015840175,PHONE,QUEENS,Unspecified,,,In Progress,45 DRIVE,,43360080,1047091,215432
130,,NYPD,New York City Police Department,3074220817,BROOKLYN,BROOKLYN,,15 BROOKLYN,Noise - Residential,2019-07-24T01:25:57.000,AVENUE X,AVENUE Y,Loud Music/Party,,2426 EAST   28 STREET,11235,AVENUE X,AVENUE Y,EAST   28 STREET,40.59287499914955,"{'type': 'Point', 'coordinates': [-73.942432542758, 40.59287499915]}",Residential Building/House,-73.94243254275754,PHONE,BROOKLYN,Unspecified,,,In Progress,EAST   28 STREET,,43356063,1000238,155282
131,,NYPD,New York City Police Department,4103520108,QUEENS,HOLLIS,,12 QUEENS,Non-Emergency Police Matter,2019-07-24T01:26:05.000,186 STREET,BEND,Trespassing,,186-02 JAMAICA AVENUE,11423,186 STREET,BEND,JAMAICA AVENUE,40.709966506342894,"{'type': 'Point', 'coordinates': [-73.772950468197, 40.709966506343]}",,-73.77295046819653,PHONE,QUEENS,Unspecified,,,In Progress,JAMAICA AVENUE,,43357296,1047197,198018
132,,NYPD,New York City Police Department,3032970001,BROOKLYN,BROOKLYN,,04 BROOKLYN,Noise - Street/Sidewalk,2019-07-24T01:26:50.000,CENTRAL AVENUE,WILSON AVENUE,Loud Music/Party,,1280 GREENE AVENUE,11221,CENTRAL AVENUE,WILSON AVENUE,GREENE AVENUE,40.69711155695011,"{'type': 'Point', 'coordinates': [-73.920430679293, 40.69711155695]}",Street/Sidewalk,-73.92043067929349,PHONE,BROOKLYN,Unspecified,,,In Progress,GREENE AVENUE,,43359164,1006314,193263
133,,NYPD,New York City Police Department,1008790027,MANHATTAN,NEW YORK,,06 MANHATTAN,Noise - Residential,2019-07-24T01:28:26.000,LEXINGTON AVENUE,3 AVENUE,Banging/Pounding,,145 EAST   23 STREET,10010,LEXINGTON AVENUE,3 AVENUE,EAST   23 STREET,40.739341420550296,"{'type': 'Point', 'coordinates': [-73.984324321949, 40.73934142055]}",,-73.98432432194892,PHONE,MANHATTAN,Unspecified,,,In Progress,EAST   23 STREET,,43360102,988594,208639
134,,NYPD,New York City Police Department,4071110032,QUEENS,FRESH MEADOWS,,08 QUEENS,Illegal Parking,2019-07-24T01:28:27.000,182 STREET,183 STREET,Commercial Overnight Parking,,182-17 69 AVENUE,11365,182 STREET,183 STREET,69 AVENUE,40.73399399517197,"{'type': 'Point', 'coordinates': [-73.788705438587, 40.733993995172]}",Street/Sidewalk,-73.7887054385868,ONLINE,QUEENS,Unspecified,,,In Progress,69 AVENUE,,43357772,1042808,206761
135,,NYPD,New York City Police Department,,BROOKLYN,,,11 BROOKLYN,Blocked Driveway,2019-07-24T01:28:58.000,AVENUE T,WEST   12 STREET,No Access,,AVENUE T,11223,AVENUE T,WEST   12 STREET,,40.59814178832518,"{'type': 'Point', 'coordinates': [-73.983565262571, 40.598141788325]}",,-73.98356526257055,PHONE,BROOKLYN,Unspecified,,,In Progress,AVENUE T,,43364580,988814,157196
136,,NYPD,New York City Police Department,3063160006,BROOKLYN,BROOKLYN,,11 BROOKLYN,Illegal Parking,2019-07-24T01:30:05.000,82 STREET,83 STREET,Blocked Hydrant,,8201 19 AVENUE,11214,82 STREET,83 STREET,19 AVENUE,40.60816694506448,"{'type': 'Point', 'coordinates': [-73.998123623148, 40.608166945064]}",Street/Sidewalk,-73.99812362314826,PHONE,BROOKLYN,Unspecified,,,In Progress,19 AVENUE,,43363900,984771,160848
137,,NYPD,New York City Police Department,1021440033,MANHATTAN,NEW YORK,,12 MANHATTAN,Noise - Residential,2019-07-24T01:31:08.000,ST NICHOLAS AVENUE,WADSWORTH AVENUE,Banging/Pounding,,612 WEST  178 STREET,10033,ST NICHOLAS AVENUE,WADSWORTH AVENUE,WEST  178 STREET,40.84754647226867,"{'type': 'Point', 'coordinates': [-73.935648300361, 40.847546472269]}",Residential Building/House,-73.93564830036111,PHONE,MANHATTAN,Unspecified,,,In Progress,WEST  178 STREET,,43356964,1002054,248068
138,,NYPD,New York City Police Department,3063280001,BROOKLYN,BROOKLYN,,11 BROOKLYN,Illegal Parking,2019-07-24T01:31:41.000,19 AVENUE,20 AVENUE,Blocked Hydrant,,1901 84 STREET,11214,19 AVENUE,20 AVENUE,84 STREET,40.60690434935019,"{'type': 'Point', 'coordinates': [-73.998908768841, 40.60690434935]}",Street/Sidewalk,-73.99890876884116,PHONE,BROOKLYN,Unspecified,,,In Progress,84 STREET,,43360115,984553,160388
139,,NYPD,New York City Police Department,3015890040,BROOKLYN,BROOKLYN,,03 BROOKLYN,Blocked Driveway,2019-07-24T01:31:49.000,LEWIS AVENUE,STUYVESANT AVENUE,No Access,,390 VERNON AVENUE,11206,LEWIS AVENUE,STUYVESANT AVENUE,VERNON AVENUE,40.69619869924111,"{'type': 'Point', 'coordinates': [-73.93541572758, 40.696198699241]}",,-73.93541572758008,PHONE,BROOKLYN,Unspecified,,,In Progress,VERNON AVENUE,,43356309,1002159,192927
140,,NYPD,New York City Police Department,2028970132,BRONX,BRONX,,03 BRONX,Noise - Street/Sidewalk,2019-07-24T01:33:23.000,CLAY AVENUE,BROOK AVENUE,Loud Talking,,415 CLAREMONT PARKWAY,10457,CLAY AVENUE,BROOK AVENUE,CLAREMONT PARKWAY,40.83956817961745,"{'type': 'Point', 'coordinates': [-73.904741694888, 40.839568179617]}",Street/Sidewalk,-73.90474169488782,PHONE,BRONX,Unspecified,,,In Progress,CLAREMONT PARKWAY,,43356261,1010608,245169
141,,NYPD,New York City Police Department,2027630233,BRONX,BRONX,,02 BRONX,Noise - Street/Sidewalk,2019-07-24T01:33:32.000,SPOFFORD AVENUE,LAFAYETTE AVENUE,Loud Music/Party,,735 BRYANT AVENUE,10474,SPOFFORD AVENUE,LAFAYETTE AVENUE,BRYANT AVENUE,40.815515500025704,"{'type': 'Point', 'coordinates': [-73.885805759532, 40.815515500026]}",Street/Sidewalk,-73.88580575953223,PHONE,BRONX,Unspecified,,,In Progress,BRYANT AVENUE,,43358160,1015859,236412
142,,NYPD,New York City Police Department,3065970006,BROOKLYN,BROOKLYN,,11 BROOKLYN,Illegal Parking,2019-07-24T01:33:36.000,WEST   10 STREET,WEST    9 STREET,Posted Parking Sign Violation,,54 AVENUE O,11204,WEST   10 STREET,WEST    9 STREET,AVENUE O,40.610287463567325,"{'type': 'Point', 'coordinates': [-73.983230924799, 40.610287463567]}",Street/Sidewalk,-73.98323092479946,PHONE,BROOKLYN,Unspecified,,,In Progress,AVENUE O,,43354986,988906,161621
143,,NYPD,New York City Police Department,2029830030,BRONX,BRONX,,03 BRONX,Noise - Street/Sidewalk,2019-07-24T01:35:47.000,EAST  173 STREET,EAST  174 STREET,Loud Talking,,1705 HOE AVENUE,10460,EAST  173 STREET,EAST  174 STREET,HOE AVENUE,40.83634934042209,"{'type': 'Point', 'coordinates': [-73.887262518177, 40.836349340422]}",Street/Sidewalk,-73.88726251817741,ONLINE,BRONX,Unspecified,,,In Progress,HOE AVENUE,,43358728,1015446,244002
144,,NYPD,New York City Police Department,1018370027,MANHATTAN,NEW YORK,,07 MANHATTAN,Noise - Street/Sidewalk,2019-07-24T01:36:14.000,CENTRAL PARK WEST,MANHATTAN AVENUE,Loud Talking,,3 WEST  101 STREET,10025,CENTRAL PARK WEST,MANHATTAN AVENUE,WEST  101 STREET,40.79510142255794,"{'type': 'Point', 'coordinates': [-73.962930495498, 40.795101422558]}",Street/Sidewalk,-73.96293049549811,ONLINE,MANHATTAN,Unspecified,,,In Progress,WEST  101 STREET,,43363343,994514,228956
145,,NYPD,New York City Police Department,1020670018,MANHATTAN,NEW YORK,,09 MANHATTAN,Noise - Street/Sidewalk,2019-07-24T01:37:21.000,CONVENT AVENUE,AMSTERDAM AVENUE,Loud Music/Party,,453 WEST  152 STREET,10031,CONVENT AVENUE,AMSTERDAM AVENUE,WEST  152 STREET,40.82900425422683,"{'type': 'Point', 'coordinates': [-73.94284253543, 40.829004254227]}",Street/Sidewalk,-73.94284253543032,ONLINE,MANHATTAN,Unspecified,,,In Progress,WEST  152 STREET,,43359813,1000068,241311
146,,NYPD,New York City Police Department,4017860017,QUEENS,CORONA,,03 QUEENS,Noise - Residential,2019-07-24T01:37:23.000,39 AVENUE,ROOSEVELT AVENUE,Banging/Pounding,,39-06 114 STREET,11368,39 AVENUE,ROOSEVELT AVENUE,114 STREET,40.753208409320784,"{'type': 'Point', 'coordinates': [-73.852941280249, 40.753208409321]}",Residential Building/House,-73.85294128024894,ONLINE,QUEENS,Unspecified,,,In Progress,114 STREET,,43360904,1024994,213725
147,,NYPD,New York City Police Department,,BRONX,BRONX,,06 BRONX,Blocked Driveway,2019-07-24T01:37:33.000,EAST  183 STREET,CRESCENT AVENUE,No Access,,2337 BELMONT AVENUE,10458,EAST  183 STREET,CRESCENT AVENUE,BELMONT AVENUE,40.8534895369151,"{'type': 'Point', 'coordinates': [-73.88674185623, 40.853489536915]}",,-73.88674185622992,PHONE,BRONX,Unspecified,,,In Progress,BELMONT AVENUE,,43362003,1015582,250247
148,,NYPD,New York City Police Department,2030860033,BRONX,BRONX,,06 BRONX,Blocked Driveway,2019-07-24T01:39:46.000,EAST  182 STREET,EAST  183 STREET,No Access,,2237 BELMONT AVENUE,10457,EAST  182 STREET,EAST  183 STREET,BELMONT AVENUE,40.85163777578711,"{'type': 'Point', 'coordinates': [-73.887677595942, 40.851637775787]}",Street/Sidewalk,-73.88767759594234,PHONE,BRONX,Unspecified,,,In Progress,BELMONT AVENUE,,43359165,1015324,249572
149,,NYPD,New York City Police Department,3036967501,BROOKLYN,BROOKLYN,,16 BROOKLYN,Noise - Street/Sidewalk,2019-07-24T01:40:32.000,LIBERTY AVENUE,GLENMORE AVENUE,Loud Talking,,91 JUNIUS STREET,11212,LIBERTY AVENUE,GLENMORE AVENUE,JUNIUS STREET,40.6728158292927,"{'type': 'Point', 'coordinates': [-73.903775799491, 40.672815829293]}",Street/Sidewalk,-73.90377579949111,ONLINE,BROOKLYN,Unspecified,,,In Progress,JUNIUS STREET,,43359473,1010942,184416
150,,NYPD,New York City Police Department,3045970060,BROOKLYN,BROOKLYN,,17 BROOKLYN,Noise - Residential,2019-07-24T01:40:41.000,EAST NEW YORK AVENUE,RUTLAND ROAD,Loud Music/Party,,69 EAST   94 STREET,11212,EAST NEW YORK AVENUE,RUTLAND ROAD,EAST   94 STREET,40.66334401569364,"{'type': 'Point', 'coordinates': [-73.926692277203, 40.663344015694]}",,-73.92669227720259,PHONE,BROOKLYN,Unspecified,,,In Progress,EAST   94 STREET,,43362035,1004588,180959
151,,NYPD,New York City Police Department,3032970001,BROOKLYN,BROOKLYN,,04 BROOKLYN,Noise - Residential,2019-07-24T01:40:42.000,CENTRAL AVENUE,WILSON AVENUE,Loud Talking,,1280 GREENE AVENUE,11221,CENTRAL AVENUE,WILSON AVENUE,GREENE AVENUE,40.69711155695011,"{'type': 'Point', 'coordinates': [-73.920430679293, 40.69711155695]}",Residential Building/House,-73.92043067929349,PHONE,BROOKLYN,Unspecified,,,In Progress,GREENE AVENUE,,43357221,1006314,193263
152,,NYPD,New York City Police Department,3080460160,BROOKLYN,BROOKLYN,,18 BROOKLYN,Illegal Parking,2019-07-24T01:40:43.000,AVENUE K,AVENUE L,Blocked Hydrant,,1156 EAST   81 STREET,11236,AVENUE K,AVENUE L,EAST   81 STREET,40.63182033607495,"{'type': 'Point', 'coordinates': [-73.907855600081, 40.631820336075]}",Street/Sidewalk,-73.90785560008105,ONLINE,BROOKLYN,Unspecified,,,In Progress,EAST   81 STREET,,43356691,1009826,169479
153,,NYPD,New York City Police Department,2029300070,BRONX,BRONX,,03 BRONX,Noise - Residential,2019-07-24T01:40:44.000,EAST  174 STREET,CROSS BRONX EP NB EN FULTON AV,Banging/Pounding,,1735 FULTON AVENUE,10457,EAST  174 STREET,CROSS BRONX EP NB EN FULTON AV,FULTON AVENUE,40.842427270776525,"{'type': 'Point', 'coordinates': [-73.897299627391, 40.842427270777]}",Residential Building/House,-73.89729962739052,MOBILE,BRONX,Unspecified,,,In Progress,FULTON AVENUE,,43355623,1012666,246213
154,,NYPD,New York City Police Department,3027870030,BROOKLYN,BROOKLYN,,01 BROOKLYN,Noise - Vehicle,2019-07-24T01:42:40.000,MAUJER STREET,GRAND STREET,Car/Truck Music,,215 MANHATTAN AVENUE,11206,MAUJER STREET,GRAND STREET,MANHATTAN AVENUE,40.71084998790272,"{'type': 'Point', 'coordinates': [-73.945504850555, 40.710849987903]}",Street/Sidewalk,-73.94550485055453,MOBILE,BROOKLYN,Unspecified,,,In Progress,MANHATTAN AVENUE,,43362882,999358,198263
155,,DOHMH,Department of Health and Mental Hygiene,2029300070,BRONX,BRONX,,03 BRONX,Rodent,2019-07-24T01:44:01.000,EAST  174 STREET,CROSS BRONX EP NB EN FULTON AV,Mouse Sighting,,1735 FULTON AVENUE,10457,EAST  174 STREET,CROSS BRONX EP NB EN FULTON AV,FULTON AVENUE,40.842427270776525,"{'type': 'Point', 'coordinates': [-73.897299627391, 40.842427270777]}",3+ Family Apt. Building,-73.89729962739052,MOBILE,BRONX,Unspecified,,,In Progress,FULTON AVENUE,,43355954,1012666,246213
156,,TLC,Taxi and Limousine Commission,,MANHATTAN,,,05 MANHATTAN,Lost Property,2019-07-24T01:46:47.000,BROADWAY,EAST   17 STREET,Electronics/Phones,,BROADWAY,10003,BROADWAY,EAST   17 STREET,,40.73713255577926,"{'type': 'Point', 'coordinates': [-73.990329322207, 40.737132555779]}",,-73.99032932220675,PHONE,MANHATTAN,Unspecified,,,In Progress,BROADWAY,"BROADWAY AND EAST   17 STREET, MANHATTAN, NY, 10003",43357257,986930,207834
157,,NYPD,New York City Police Department,2023760032,BRONX,BRONX,,01 BRONX,Noise - Residential,2019-07-24T01:47:51.000,MELROSE AVENUE,ELTON AVENUE,Loud Music/Party,,415 EAST  154 STREET,10455,MELROSE AVENUE,ELTON AVENUE,EAST  154 STREET,40.81937552475766,"{'type': 'Point', 'coordinates': [-73.915587691828, 40.819375524758]}",Residential Building/House,-73.91558769182846,PHONE,BRONX,Unspecified,,,In Progress,EAST  154 STREET,,43359084,1007614,237809
158,,DOT,Department of Transportation,,MANHATTAN,,,04 MANHATTAN,Street Condition,2019-07-24T01:48:09.000,WEST SIDE HIGHWAY,WEST   59 STREET,Cave-in,,WEST SIDE HIGHWAY,10019,WEST SIDE HIGHWAY,WEST   59 STREET,,40.772877596081386,"{'type': 'Point', 'coordinates': [-73.993411022318, 40.772877596081]}",Street,-73.99341102231814,PHONE,MANHATTAN,Unspecified,,,In Progress,WEST SIDE HIGHWAY,,43358556,986075,220857
159,,DPR,Department of Parks and Recreation,,BRONX,,,06 BRONX,Damaged Tree,2019-07-24T01:49:16.000,BOSTON ROAD,EAST  180 STREET,Entire Tree Has Fallen Down,,BOSTON ROAD,10460,BOSTON ROAD,EAST  180 STREET,,40.84261725713864,"{'type': 'Point', 'coordinates': [-73.878176672692, 40.842617257139]}",Street/Curbside,-73.87817667269202,UNKNOWN,BRONX,Unspecified,,,In Progress,BOSTON ROAD,,43360995,1017957,246289
160,,TLC,Taxi and Limousine Commission,1013950017,MANHATTAN,NEW YORK,,08 MANHATTAN,Lost Property,2019-07-24T01:50:57.000,EAST   60 STREET,EAST   61 STREET,Electronics/Phones,,770 LEXINGTON AVENUE,10065,EAST   60 STREET,EAST   61 STREET,LEXINGTON AVENUE,40.76309645223426,"{'type': 'Point', 'coordinates': [-73.967561720733, 40.763096452234]}",Taxi,-73.96756172073339,ONLINE,MANHATTAN,Unspecified,,,In Progress,LEXINGTON AVENUE,"770 LEXINGTON AVENUE, MANHATTAN (NEW YORK), NY, 10065",43362994,993236,217295
161,,NYPD,New York City Police Department,4020070099,QUEENS,CORONA,,04 QUEENS,Blocked Driveway,2019-07-24T01:52:16.000,51 AVENUE,52 AVENUE,No Access,,51-03 108 STREET,11368,51 AVENUE,52 AVENUE,108 STREET,40.743843440555665,"{'type': 'Point', 'coordinates': [-73.855206644148, 40.743843440556]}",Street/Sidewalk,-73.85520664414754,MOBILE,QUEENS,Unspecified,,,In Progress,108 STREET,,43361553,1024372,210312
162,,NYPD,New York City Police Department,3050990106,BROOKLYN,BROOKLYN,,14 BROOKLYN,Noise - Commercial,2019-07-24T01:52:47.000,EAST   19 STREET,OCEAN AVENUE,Loud Talking,,1930 CHURCH AVENUE,11226,EAST   19 STREET,OCEAN AVENUE,CHURCH AVENUE,40.64988688577203,"{'type': 'Point', 'coordinates': [-73.961753472833, 40.649886885772]}",Store/Commercial,-73.96175347283278,ONLINE,BROOKLYN,Unspecified,2019-07-24T05:56:59.000,Your complaint has been received by the Police Department and additional information will be availab,In Progress,CHURCH AVENUE,,43355654,994863,176050
163,,DOHMH,Department of Health and Mental Hygiene,1019930088,MANHATTAN,NEW YORK,,09 MANHATTAN,Food Poisoning,2019-07-24T01:58:14.000,LA SALLE STREET,TIEMANN PLACE,3 or More,,3157 BROADWAY,10027,LA SALLE STREET,TIEMANN PLACE,BROADWAY,40.81456572559243,"{'type': 'Point', 'coordinates': [-73.959122747574, 40.814565725592]}",Restaurant/Bar/Deli/Bakery,-73.95912274757369,PHONE,MANHATTAN,Unspecified,,,In Progress,BROADWAY,,43356994,995565,236048
164,,NYPD,New York City Police Department,3048530090,BROOKLYN,BROOKLYN,,17 BROOKLYN,Noise - Residential,2019-07-24T01:58:21.000,NOSTRAND AVENUE,NEW YORK AVENUE,Loud Music/Party,,287 LINDEN BOULEVARD,11226,NOSTRAND AVENUE,NEW YORK AVENUE,LINDEN BOULEVARD,40.652722537752325,"{'type': 'Point', 'coordinates': [-73.94843905247, 40.652722537752]}",Residential Building/House,-73.9484390524703,ONLINE,BROOKLYN,Unspecified,,,In Progress,LINDEN BOULEVARD,,43359476,998557,177085
165,,NYPD,New York City Police Department,3032930014,BROOKLYN,BROOKLYN,,04 BROOKLYN,Noise - Vehicle,2019-07-24T01:58:31.000,GREENE AVENUE,GROVE STREET,Car/Truck Music,,10 GOODWIN PLACE,11221,GREENE AVENUE,GROVE STREET,GOODWIN PLACE,40.69192113864761,"{'type': 'Point', 'coordinates': [-73.924414309553, 40.691921138648]}",,-73.92441430955273,PHONE,BROOKLYN,Unspecified,,,In Progress,GOODWIN PLACE,,43360109,1005211,191371
